country,total_earnings,total_players,year,iso,pbicap,gastoedu,internet,desempleo,elect_acc,movil,poblacion,CPI,gdp_gr,GNI_cap,pop_growth,rural_per,poder_adq,age_game,desnutricion,pbippa
China,19362709.9,1445,2017-01-01,CN,8817.04560829162,3.66745042800903,54.3,4.47,100.0,104.2265872,1396215000.0,41.0,6.30186310041572,14220.0,0.60525,42.04,0.61902,28.360999999999997,2.5,14243.5326108491
United States,15564133.19,3456,2017-01-01,US,59907.754260885,5.12287998199463,87.27488917,4.36,100.0,103.1297891,325122128.0,75.0,1.59713559028371,61160.0,0.63264,17.942,1.0,27.099,2.5,59907.7542608847
"Korea, Republic of",12245056.2,979,2017-01-01,KR,31600.7358741365,4.32823991775513,95.06942188,3.65,100.0,123.581176,51361911.0,54.0,2.87019696151147,41120.0,0.28097,18.497,0.77194,26.067999999999998,2.5,40957.4180587145
Denmark,5039639.52,386,2017-01-01,DK,57610.0981801135,7.11585998535156,97.09936216,5.83,100.0,124.4641018,5764980.0,88.0,2.16235511316154,56570.0,0.64335,12.243,1.04071,25.0,2.5,55356.680780178
Germany,4990949.69,796,2017-01-01,DE,44652.5891722719,4.87182998657227,84.3941537,3.75,100.0,132.7695384,82657002.0,81.0,2.29720604740949,54340.0,0.37372,22.739,0.84137,23.348,2.5,53071.4555699913
Sweden,4834783.69,634,2017-01-01,SE,53791.5087298403,7.56883001327515,93.00626697,6.72,100.0,124.4688458,10057698.0,84.0,1.19514757132167,52870.0,1.34745,12.854,1.03549,25.304,2.5,51947.9542478244
Finland,4011913.4,371,2017-01-01,FI,46412.1364777169,6.36311006546021,87.46892907,8.64,100.0,129.9894338,5508214.0,85.0,2.95053137282473,47590.0,0.23467,14.675,0.97566,24.223,2.5,47570.133583848
France,3886687.25,829,2017-01-01,FR,38781.0494870836,5.45160007476807,80.50245972,9.41,100.0,107.5983841,66918020.0,70.0,1.99499844733441,45580.0,0.2902,19.82,0.86998,23.431,2.5,44577.0645745394
Russian Federation,3773915.68,667,2017-01-01,RU,10720.33203125,4.68990993499756,76.00813853,5.21,100.0,156.187408,144496739.0,29.0,1.70938569423402,25230.0,0.10687,25.708,0.41349,26.441,2.5,25926.443359375
Brazil,3404463.0,758,2017-01-01,BR,9896.71889500528,6.32047986984253,67.47128452,12.79,99.8,106.1217992,208504960.0,37.0,0.523296588574212,14210.0,0.79226,13.691,0.68358,33.051,2.5,14477.8617680601
Canada,2986896.2,582,2017-01-01,CA,45129.4292980922,4.95996999740601,92.70137191,6.43,100.0,86.70104032,36545236.0,82.0,1.80530567584421,47700.0,1.19952,18.65,0.93402,26.076,2.5,48317.1745835151
United Kingdom,2920018.86,679,2017-01-01,GB,40572.1214823783,5.43125009536743,90.42455049,4.33,100.0,119.7294099,66058859.0,82.0,1.96002099357008,45610.0,0.67937,16.857,0.88111,25.569,2.5,46048.2000506645
Ukraine,2853966.33,173,2017-01-01,UA,2638.32543945313,5.41707992553711,58.88947945,9.5,100.0,131.3565115,44831135.0,30.0,2.81064547083641,12030.0,-0.38635,30.754,0.22245,26.011000000000003,2.5,11860.560546875
Bulgaria,2638139.17,96,2017-01-01,BG,8381.88134621669,4.07527017593384,63.41010138,6.16,98.0648651123047,118.8025553,7075947.0,43.0,3.4991755485791,20990.0,-0.73044,25.331,0.39062,22.271,3.1,21458.0493617274
Australia,2583868.04,602,2017-01-01,AU,53954.553494614,5.13822984695435,86.54504885,5.59,100.0,108.4165835,24592588.0,77.0,0.647495218504773,47090.0,1.65339,14.096,1.11434,27.973,2.5,48418.558421681
Poland,2460587.91,616,2017-01-01,PL,13815.4999463758,4.57464981079102,75.98536595,4.89,100.0,130.9503547,37974826.0,60.0,5.12689681500834,28690.0,0.01248,39.895,0.46116,26.064,2.5,29958.1207092074
Philippines,2285223.39,169,2017-01-01,PH,3077.43441889625,3.97115445137024,41.6,2.55,93.0,112.3979818,106738501.0,34.0,5.06439325253496,8880.0,1.76102,53.318,0.38459,34.593999999999994,6.4,8001.75647996477
Malaysia,1125729.13,173,2017-01-01,MY,9979.70447282371,4.18488502502441,80.14047901,3.41,99.9786987304688,132.4079212,31975806.0,47.0,4.32563033470905,25200.0,1.41537,24.553,0.38479,36.377,5.2,25935.1395225396
Netherlands,1046676.56,263,2017-01-01,NL,48675.2223350213,5.17509984970093,93.19727891,4.84,100.0,119.3221581,17131296.0,82.0,2.30428473259315,54460.0,0.5912,8.923,0.88358,24.944,2.5,55088.6338006744
Japan,922014.45,245,2017-01-01,JP,38834.0529341227,3.13057994842529,91.72654724,2.82,100.0,136.4176676,126972000.0,73.0,1.75861180161441,42980.0,-0.08187,8.465,0.93702,19.932000000000002,2.5,41444.2157443914
Viet Nam,883883.63,341,2017-01-01,VN,2992.07153198845,3.41865658760071,58.14,1.87,100.0,127.6319162,94033048.0,35.0,5.90924097336334,8500.0,0.96872,64.787,0.33059,32.775999999999996,6.4,9050.68788675827
Thailand,839933.53,321,2017-01-01,TH,6436.78965986703,3.46532154083252,52.89192934,0.83,99.9,171.4147843,70898202.0,37.0,3.74984374367759,16250.0,0.41153,50.8,0.37846,28.075000000000003,6.8,17008.0384242563
Norway,748131.21,170,2017-01-01,NO,76131.8384032764,7.84598016738892,96.3576013,4.16,100.0,108.380522,5276968.0,85.0,1.63950714511496,66940.0,0.80767,18.129,1.1787,26.392,2.5,64589.5559196863
Spain,654886.78,336,2017-01-01,ES,28185.3213671969,4.20552015304565,84.6022457,17.22,100.0,112.7141001,46593236.0,57.0,2.73447515505379,39570.0,0.23459,19.92,0.71265,21.312,2.5,39550.1890761123
Kazakhstan,628416.48,55,2017-01-01,KZ,9247.58067886159,2.75081992149353,76.42674823,4.9,100.0,145.7470439,18037776.0,31.0,2.69343213630073,22160.0,1.36038,42.664,0.37194,30.250999999999998,2.5,24862.9661245889
Mexico,564794.55,93,2017-01-01,MX,9693.33009125499,4.51821994781494,53.03178861,3.42,100.0,93.07232465,122839258.0,29.0,0.777009677575364,19510.0,1.08042,20.133,0.47096,33.230000000000004,3.8,20582.2523679391
Turkey,498586.08,155,2017-01-01,TR,10695.550196231,4.32368993759155,64.68461768,10.82,100.0,94.77443648,80312698.0,40.0,6.11695888825578,27240.0,1.31255,25.356,0.37937,33.375,2.5,28193.1744851997
Italy,473800.93,227,2017-01-01,IT,32406.7203150134,4.04493999481201,63.077347,11.21,100.0,139.776512,60536709.0,50.0,1.82033385192226,41810.0,-0.14986,29.856,0.77936,20.735999999999997,2.5,41581.120790548
Israel,473041.17,51,2017-01-01,IL,41114.7817082553,6.00771999359131,81.58118359,4.14,100.0,126.8464798,8713300.0,62.0,2.27442977959885,39250.0,1.93873,7.664,1.04225,28.786,2.5,39448.1391458162
Slovakia,465470.23,72,2017-01-01,SK,17585.197002257,3.93220996856689,81.62566752,8.14,100.0,130.8550955,5439232.0,50.0,2.7784542927246,29600.0,0.15518,46.249,0.5834,26.131,4.0,30142.3674521189
Estonia,461646.45,71,2017-01-01,EE,20437.765376736,4.96131992340088,88.10245687,5.76,100.0,144.5430113,1317384.0,71.0,5.66403908236126,32990.0,0.12107,31.283,0.60428,24.269999999999996,2.5,33821.93290847
Belarus,424370.89,65,2017-01-01,BY,5785.53397723676,4.79500007629395,74.43644541,5.65,98.7420120239258,117.5863907,9458989.0,44.0,2.64424708758548,17670.0,-0.10978,21.866,0.31518,25.480999999999998,2.5,18356.0660575514
Peru,402148.78,103,2017-01-01,PE,6676.30879274916,3.93130993843079,50.45041218,3.69,94.8,123.1285796,31605486.0,37.0,0.985513944113038,11870.0,1.50695,22.28,0.53656,32.767,6.3,12442.7464624852
Bosnia and Herzegovina,349318.6,13,2017-01-01,BA,5327.39230422044,,64.89202051,20.53,100.0,100.001686,3440027.0,38.0,4.47338640670523,13470.0,-1.18363,52.124,0.39223,26.012,2.5,13582.2669822916
Czech Republic,348030.3,159,2017-01-01,CZ,20636.199952435,3.80615997314453,78.71917285,2.89,100.0,119.9885389,10594438.0,57.0,4.88972204225595,36630.0,0.26564,26.325,0.53152,22.795,2.5,38824.8879170919
Belgium,282227.2,117,2017-01-01,BE,44198.4823908691,6.42534017562866,87.67968082,7.09,100.0,99.76104331,11375158.0,75.0,1.22886623616918,50900.0,0.38523,2.039,0.87622,24.461,2.5,50442.2705419624
Pakistan,278361.7,16,2017-01-01,PK,1567.6406123353,2.13665676116943,13.78,3.187,92.6610260009766,66.79261828,216379655.0,32.0,3.05478922007623,4820.0,1.32814,63.558,0.32047,35.25,10.8,4891.71977393238
Dominican Republic,270184.87,5,2017-01-01,DO,7513.49798180543,3.9202675819397,67.57124533,5.83,100.0,82.36053386,10647244.0,29.0,3.49047723780494,15740.0,1.13015,19.723,0.45469,34.33,6.0,16524.5338420587
South Africa,246525.58,182,2017-01-01,ZA,6734.47515314548,5.59867000579834,56.16739447,23.99,84.4,156.2424453,56641209.0,43.0,0.766941612663501,13560.0,0.38728,34.15,0.48274,36.887,5.7,13950.4534761192
Croatia,245289.88,56,2017-01-01,HR,13592.2545240617,3.88921999931335,67.09619204,11.21,100.0,102.9365288,4124531.0,49.0,4.64848201109673,27150.0,-1.20061,43.333,0.49848,23.846,2.5,27267.509922792
Chile,216088.06,97,2017-01-01,CL,15034.0584252287,5.43278980255127,82.32748693,6.95,99.7,125.28541,18368577.0,67.0,-0.213266442244986,23590.0,1.56206,12.51,0.61293,30.842000000000002,3.0,24546.9124213942
Romania,215696.97,73,2017-01-01,RO,10727.9708633184,3.11820006370544,63.74728218,4.93,100.0,113.7122045,19588715.0,48.0,8.82370076808195,26560.0,-0.57801,46.064,0.39817,24.051,2.5,26943.4624220971
Indonesia,209109.1,159,2017-01-01,ID,3839.78507460491,2.66997861862183,32.33580625,3.78,98.14,164.5351584,264498852.0,37.0,4.0176256075747,10600.0,1.00644,45.341,0.35092,32.269999999999996,6.0,10941.9209510231
Portugal,206608.22,204,2017-01-01,PT,21490.429863104,5.0156102180481,73.79121395,8.87,100.0,114.1311837,10300300.0,63.0,3.75909438887767,32270.0,-0.24389,35.348,0.65034,21.819000000000003,2.5,33044.7167387479
Argentina,203828.09,137,2017-01-01,AR,14613.0356486571,5.45431995391846,74.29490687,8.35,100.0,140.5014607,44044811.0,39.0,1.75764818265694,22990.0,1.03713,8.251,0.61927,31.010999999999996,3.3,23597.117752839
Saudi Arabia,180086.05,14,2017-01-01,SA,20910.4829617971,,94.17559961,5.89,99.97,117.5995716,34193122.0,49.0,-2.34006849997688,48260.0,2.29816,16.378,0.43974,32.184,4.5,47551.8595195922
Austria,178450.85,79,2017-01-01,AT,47429.1584564387,5.37159013748169,87.93558659,5.56,100.0,123.4328495,8797566.0,75.0,1.55072408627153,53670.0,0.69462,41.906,0.87551,24.989,2.5,54172.9867888254
New Zealand,177418.3,75,2017-01-01,NZ,42910.9728362488,5.27020978927612,87.7,4.74,100.0,134.8432405,4813600.0,89.0,1.38450151633268,40620.0,2.08872,13.534,1.01673,27.592000000000002,2.5,42204.7457412663
Greece,166332.7,98,2017-01-01,GR,18582.0893411631,3.47708988189697,69.89297065,21.41,100.0,120.9954184,10754679.0,48.0,1.29229029026882,28460.0,-0.19778,21.276,0.64961,21.942,2.5,28604.8609402657
Ireland,136078.64,30,2017-01-01,IE,70150.7370157965,,84.11400706,6.71,100.0,102.6618166,4807388.0,74.0,8.12766876172294,62000.0,1.08868,37.053,0.89742,25.5,2.5,78168.9677375394
Hungary,130232.92,93,2017-01-01,HU,14621.2395956755,4.61487007141113,76.75054712,4.16,100.0,101.5946158,9787966.0,45.0,4.54956329828929,28300.0,-0.26586,28.938,0.4957,23.604,2.5,29496.1636824744
Switzerland,106571.96,79,2017-01-01,CH,82254.3769269767,5.01765012741089,89.68614767,4.8,100.0,131.1998185,8451840.0,85.0,0.421326163056477,67250.0,0.93316,26.239,1.20619,24.781,2.5,68193.5054944094
Lithuania,91130.25,74,2017-01-01,LT,16885.4073948373,3.81220006942749,77.61525651,7.07,100.0,150.1602369,2828403.0,59.0,5.75104655735379,32540.0,-1.39832,32.484,0.50013,24.521,2.5,33761.871239796
India,86484.89,169,2017-01-01,IN,1957.96981329558,4.30639696121216,18.2,7.728,91.7941589355469,86.31708801,1354195680.0,40.0,5.5683335179763,6050.0,1.15562,66.4,0.32034,35.099,12.9,6112.06664981487
North Macedonia,78116.51,5,2017-01-01,MK,5450.49706853299,,74.51682418,22.81,99.9943161010742,95.07708173,2074502.0,35.0,0.98373642544189,15080.0,0.09703,42.252,0.34702,28.933,3.1,15706.5395668073
Colombia,69260.16,30,2017-01-01,CO,6449.97098726076,4.53551006317139,62.25988032,9.09,98.5,128.6822441,48351671.0,37.0,-0.161953874918439,14090.0,1.51229,19.554,0.44995,34.097,4.3,14334.9146083622
Slovenia,62699.43,26,2017-01-01,SI,23514.0254604147,4.78053998947144,78.88542636,6.57,100.0,116.4306764,2066388.0,61.0,4.74710618321161,35850.0,0.06516,45.727,0.64409,22.666,2.5,36507.5530416531
Latvia,60927.95,72,2017-01-01,LV,15695.1151541059,4.36671018600464,80.114077,8.72,100.0,126.0509437,1942248.0,58.0,4.23211616536913,28600.0,-0.88622,31.925,0.54737,23.511,2.5,28673.5633962664
United Arab Emirates,50351.63,24,2017-01-01,AE,43063.9674770763,,94.81992254,2.46,100.0,218.6322987,9068296.0,71.0,-0.0873260721437106,71690.0,0.81974,13.752,0.60498,48.566,4.3,71182.3707145056
Algeria,35959.68,17,2017-01-01,DZ,4134.93608656171,6.4018383026123,47.69105515,12.0,99.5300216674805,111.4475314,41136546.0,33.0,-0.663171195012765,11630.0,1.957,27.948,0.35014,32.678000000000004,2.6,11809.4830333846
Mongolia,32116.97,29,2017-01-01,MN,3708.24822134669,4.31822395324707,23.71426517,6.36,93.6207580566406,125.5209736,3096030.0,36.0,3.36874224166412,9830.0,2.17049,31.637,0.32439,33.741,5.9,11431.4980165191
Iraq,31920.6,10,2017-01-01,IQ,4725.19357334032,,26.0,13.02,99.8843765258789,84.33798585,39621162.0,18.0,-4.10746396999446,9900.0,2.35769,29.722,0.47362,34.661,17.5,9976.85494186285
"Moldova, Republic of",27521.74,7,2017-01-01,MD,3454.95469039113,5.71016979217529,49.9,1.62,99.98,117.8002494,2755189.0,31.0,5.99041199822246,12130.0,-1.72706,57.443,0.30137,29.467,2.5,11464.0181535546
Uruguay,22952.49,14,2017-01-01,UY,18995.3970195554,4.41787004470825,70.3223544,7.89,99.8,148.9559056,3422200.0,70.0,1.48963768853973,22110.0,0.24675,4.76,0.8123,28.829,2.5,23384.7401885795
Kuwait,19250.07,24,2017-01-01,KW,29258.2663270479,,97.99998933,2.204,100.0,173.0666459,4124904.0,39.0,-6.4866737410414,57790.0,1.87988,0.0,0.58508,27.333,2.5,50007.2995366017
Kyrgyzstan,15648.53,14,2017-01-01,KG,1242.77022029305,6.02618980407715,50.8,3.566,100.0,138.3369764,6198200.0,29.0,2.73409189148251,4800.0,1.93365,63.865,0.24625,35.583,5.1,5046.69153549094
Iceland,14681.24,27,2017-01-01,IS,72010.1490316258,7.58385992050171,98.25520119,2.74,100.0,116.7618266,343400.0,77.0,1.7794101347671,53920.0,2.34558,6.227,1.29425,28.557,2.5,55638.4920591796
Armenia,13960.05,4,2017-01-01,AM,4041.99507105058,2.70759010314941,64.74488433,12.914,99.7,122.3218158,2851923.0,35.0,8.02439704883481,12950.0,-0.48663,36.897,0.32311,31.641000000000002,2.5,12509.6396064818
Morocco,13488.7,13,2017-01-01,MA,3288.50268554688,4.73564958572388,61.76221201,9.687,100.0,123.4247246,35528115.0,40.0,3.79227702365303,7800.0,1.19163,38.092,0.41513,33.134,3.6,7921.619140625
Ecuador,10263.49,5,2017-01-01,EC,6246.40425217932,4.6142578125,55.8,3.84,99.2,87.74901563,16696944.0,32.0,0.790527393070477,11410.0,1.55336,36.33,0.53482,34.647,10.8,11679.4302342769
Malta,9250.25,50,2017-01-01,MT,28813.1853396512,4.55917978286743,81.01191108,4.0,100.0,126.1236254,467999.0,56.0,7.87413426177386,39160.0,2.73866,5.454,0.66247,28.767000000000003,2.5,43493.7249806974
Nicaragua,9091.07,1,2017-01-01,NI,2127.28281786358,4.35768985748291,30.4,3.3,84.6272811889648,126.2222916,6480532.0,26.0,3.15679440191678,5610.0,1.41881,41.701,0.35962,37.254999999999995,17.6,5915.38972207813
Tunisia,7215.41,12,2017-01-01,TN,3569.71883883673,,55.50015506,15.33,100.0,121.3575682,11811443.0,42.0,1.14914305986389,10620.0,1.07058,31.358,0.32825,31.408,2.6,10874.9468863561
Egypt,6748.68,12,2017-01-01,EG,2439.96728439968,,44.95020425,11.77,100.0,101.1482612,101789386.0,32.0,2.12874338092006,10790.0,1.98977,57.295,0.22192,34.125,6.4,10995.0056689479
Cambodia,5468.82,6,2017-01-01,KH,1400.89926522987,2.09646058082581,32.90027854,0.14,89.07,117.3225889,15830689.0,21.0,5.60387545950492,3770.0,1.31048,77.02,0.35263,35.731,5.8,3972.7241639191
Panama,5457.14,4,2017-01-01,PA,15185.9724813803,2.97704124450684,59.9506309,5.392,93.7,128.909028,4096063.0,37.0,3.79367797647103,29770.0,1.71695,32.635,0.49747,31.983,6.1,31638.1519360222
Georgia,4256.13,28,2017-01-01,GE,4356.92801624893,3.57442998886108,59.7055046,13.94,100.0,145.8786023,3728004.0,56.0,4.82856985509574,12920.0,0.01339,41.769,0.32061,27.046,3.7,13589.7073915159
Sri Lanka,3663.4,16,2017-01-01,LK,4388.20190593728,2.59316992759705,32.25,4.05,97.5,131.1169828,21506813.0,38.0,6.05814482142807,13210.0,0.37882,81.616,0.32398,29.3,7.6,13544.5189851873
Uzbekistan,3512.18,3,2017-01-01,UZ,1916.76462520814,5.0333194732666,48.69999885,5.83,99.9721069335938,75.9584973,32388600.0,22.0,2.65248473333584,6970.0,1.68351,49.45,0.2802,36.141999999999996,2.5,6840.70985995243
Azerbaijan,3136.66,7,2017-01-01,AZ,4147.1981423222,2.47381997108459,79.0,5.0,100.0,100.550391,9854033.0,31.0,-0.778416126232784,13590.0,0.98126,44.657,0.29368,33.096000000000004,2.5,14121.4069355591
Guatemala,2884.54,9,2017-01-01,GT,4454.02450948165,2.95009994506836,37.9,2.46,93.3,120.555015,16087418.0,28.0,1.41564884120322,8150.0,1.62765,49.32,0.5352,37.756,14.4,8322.21680991504
Albania,2868.16,2,2017-01-01,AL,4531.03220675893,3.61172008514404,62.4,13.62,99.89,125.9205273,2873457.0,38.0,3.89811226746693,12800.0,-0.09197,40.617,0.35479,30.705,4.2,12771.0541369637
Bolivia,2108.25,2,2017-01-01,BO,3280.0082139387,8.09724044799805,43.83227607,3.65,91.8,95.86980372,11435533.0,33.0,2.62330333561857,8000.0,1.52011,30.92,0.39782,35.95,14.2,8244.93344575115
Lao People's Democratic Republic,1344.55,5,2017-01-01,LA,2439.4633552251,2.4979727268219,25.51043508,3.27,93.6,53.04168369,6997917.0,29.0,5.26492843977357,6830.0,1.53436,65.632,0.33829,37.538,5.6,7211.25908924885
Bangladesh,935.65,10,2017-01-01,BD,1815.61026180185,1.85040032863617,19.8,4.37,88.0,93.29458051,161793964.0,28.0,5.26645987037224,5000.0,1.24972,64.142,0.37584,36.623,13.6,4830.77629051855
Trinidad and Tobago,594.75,1,2017-01-01,TT,16258.7489291438,3.30224180221558,70.6,3.388,100.0,137.3344641,1478607.0,41.0,-5.39810957258538,26270.0,0.62939,46.795,0.61397,30.505000000000003,12.0,26481.0729690522
"Iran, Islamic Republic of",381.6,9,2017-01-01,IR,5758.59072766807,3.45956993103027,64.04397362,12.23,99.94,103.0079578,84505076.0,30.0,1.30070500404484,15180.0,1.42883,25.606,0.37977,34.961,7.2,15163.292311303
Costa Rica,309.65,2,2017-01-01,CR,12118.1336248174,7.06980991363525,71.58166462,7.73,99.6,177.0248638,4993842.0,59.0,3.14326598585389,19110.0,0.97871,21.44,0.60085,32.983999999999995,3.2,20168.2204811346
Luxembourg,130.65,3,2017-01-01,LU,110193.213797228,3.48645997047424,97.36296032,5.52,100.0,133.158472,596336.0,82.0,-1.11611296239622,82300.0,2.43098,9.273,0.95832,26.895,2.5,114985.842235989
Paraguay,112.5,1,2017-01-01,PY,6136.0583014952,3.09062075614929,61.07575622,6.14,99.3,117.5106256,6355404.0,29.0,3.34581598704227,13140.0,1.40691,38.7,0.45104,36.418,2.8,13604.1747171995
United States,30670957.29,4398,2018-01-01,US,62823.309438197,4.92889022827148,88.49890317,3.9,100.0,104.847944,326838199.0,71.0,2.40486787201,64060.0,0.52644,17.744,1.0,27.011,2.5,62823.3094381973
China,22818942.61,1458,2018-01-01,CN,9905.40638307759,3.54249453544617,59.2,4.31,100.0,116.3882038,1402760000.0,39.0,6.25170055573298,15430.0,0.46767,40.848,0.63915,27.814,2.5,15497.8257403082
"Korea, Republic of",14494910.29,1274,2018-01-01,KR,33447.1562836166,4.45807981491089,96.02285958,3.82,100.0,128.4051056,51585058.0,57.0,2.46224621613314,43220.0,0.43352,18.541,0.7768,25.529999999999998,2.5,43044.2917633371
Denmark,10621239.74,433,2018-01-01,DK,61591.9288698958,7.00015020370483,97.31920437,5.13,100.0,125.1362568,5793636.0,88.0,1.4850851572351,59080.0,0.49584,12.126,1.07148,25.162,2.5,57482.9623999067
Finland,7582236.19,363,2018-01-01,FI,49987.6261584968,6.27557992935181,88.88996,7.36,100.0,129.6355826,5515525.0,85.0,1.00565417029748,49780.0,0.13264,14.618,1.00824,24.043000000000003,2.5,49579.3310008278
Russian Federation,7189891.63,895,2018-01-01,RU,11287.3544921875,4.67819976806641,80.86472187,4.85,100.0,157.431312,144477859.0,28.0,2.81552410737709,28120.0,-0.01307,25.567,0.39163,25.835,2.5,28821.26171875
Sweden,6508582.43,555,2018-01-01,SE,54589.0603860606,7.64084005355835,89.24696316,6.36,100.0,124.246327,10175214.0,85.0,0.772577449000039,54590.0,1.16165,12.569,1.01994,25.299,2.5,53521.6306428288
France,6503944.84,1076,2018-01-01,FR,41557.8548588876,5.40716981887817,82.04318678,9.02,100.0,109.5588076,67158348.0,72.0,1.50053912327405,47620.0,0.35849,19.556,0.893,23.303000000000004,2.5,46537.4740442591
Canada,5357267.32,780,2018-01-01,CA,46548.6384108296,4.8889799118042,94.64,5.84,100.0,89.67401709,37065084.0,81.0,1.30196510359595,49140.0,1.41246,18.589,0.93109,26.092,2.5,49992.7622757708
Germany,4562291.71,906,2018-01-01,DE,47939.2782884504,4.97933006286621,87.03711209,3.38,100.0,129.6794748,82905782.0,80.0,0.678212594110718,57060.0,0.30053,22.688,0.86853,23.194000000000003,2.5,55195.8405428372
Australia,4257200.79,781,2018-01-01,AU,57273.5204750079,5.12431001663208,90.0,5.3,100.0,110.6519296,24963258.0,77.0,1.37834535331957,48620.0,1.50299,13.988,1.13974,27.907999999999998,2.5,50251.3353381469
Brazil,3732631.47,813,2018-01-01,BR,9121.02099480377,6.08851003646851,70.43428254,12.33,99.7,99.64002652,210166592.0,35.0,0.978938492697395,14550.0,0.79377,13.431,0.60924,32.625,2.5,14971.0546665932
United Kingdom,3305656.01,869,2018-01-01,GB,43203.8141057739,5.19807004928589,90.69200899,4.0,100.0,118.7527408,66460344.0,80.0,0.791214735013071,46560.0,0.60593,16.602,0.91746,25.361,2.5,47090.4848967293
Poland,3097544.04,554,2018-01-01,PL,15504.5089370714,4.60506010055542,77.54173454,3.85,100.0,125.3471416,37974750.0,60.0,5.94542050836115,30680.0,-0.0002,39.942,0.4841,25.253,2.5,32027.6027335558
Japan,2855578.33,371,2018-01-01,JP,39751.1330982711,3.07782006263733,88.74635089,2.47,100.0,142.4668807,126811000.0,73.0,0.771168471432347,43750.0,-0.12688,8.384,0.94327,19.759999999999998,2.5,42141.9352987759
Ukraine,2654395.2,208,2018-01-01,UA,3096.5625,5.3199200630188,62.55315539,8.8,100.0,127.753861,44622518.0,32.0,4.01638177635452,12760.0,-0.46643,30.648,0.24511,25.338,2.8,12633.513671875
Malaysia,2482681.23,284,2018-01-01,MY,11073.9789704691,4.13194847106934,81.20104862,3.3,99.9971542358398,130.908501,32399271.0,47.0,3.47276670505505,26630.0,1.31564,23.964,0.40297,35.961,4.4,27480.9549227598
Thailand,1998360.24,460,2018-01-01,TH,7124.55881041403,3.19769406318665,56.81748093,0.77,99.82,175.8777812,71127802.0,36.0,3.88643966054494,17220.0,0.32332,50.051,0.39376,27.643,6.5,18093.8197834427
Netherlands,1973346.79,343,2018-01-01,NL,53044.5324352253,5.35764980316162,91.89189189,3.83,100.0,122.1100816,17231624.0,82.0,1.76493726416223,57610.0,0.58393,8.51,0.9173,25.068,2.5,57826.6284976675
Philippines,1685755.98,256,2018-01-01,PH,3194.67270132209,3.86405324935913,44.1,2.34,94.189826965332,123.9757392,108568836.0,36.0,4.54870091782639,9480.0,1.70025,53.093,0.37291,34.562,5.4,8566.84956022295
Bulgaria,1383281.44,99,2018-01-01,BG,9447.65589681469,4.04528999328613,64.78201069,5.21,98.6996383666992,117.8397093,7025037.0,42.0,3.43913006319094,22270.0,-0.72208,24.992,0.41066,21.838,2.8,23006.0810607692
Turkey,1321935.22,214,2018-01-01,TR,9568.83618958168,4.30003976821899,71.04276084,10.89,100.0,96.74999684,81407204.0,41.0,1.62818524031636,27410.0,0.87263,24.857,0.33813,32.803,2.5,28299.3988721682
Norway,1122846.0,230,2018-01-01,NO,82792.8427113304,7.59563016891479,96.49165799,3.8,100.0,107.6910276,5311916.0,84.0,0.165530155189344,73090.0,0.66009,17.752,1.17848,26.282,2.5,70253.8463693384
Spain,1085935.49,428,2018-01-01,ES,30379.7211126422,4.1794900894165,86.10723553,15.25,100.0,115.7483421,46797754.0,58.0,1.83746046437267,40780.0,0.43798,19.679,0.74612,21.198999999999998,2.5,40716.6807627631
Israel,1018137.57,59,2018-01-01,IL,42406.8454263606,6.06284999847412,83.73315696,3.92,100.0,126.5301426,8882800.0,61.0,2.08447062883643,40200.0,1.92662,7.582,1.05406,28.666,2.5,40231.9052581114
Viet Nam,962166.55,359,2018-01-01,VN,3267.22506911927,3.29537010192871,69.84792868,1.16,100.0,148.1748225,94914330.0,33.0,6.46719149769011,9360.0,0.93284,64.081,0.3311,32.243,6.0,9867.66860767837
Pakistan,896217.07,66,2018-01-01,PK,1620.74259148331,2.33216953277588,15.34,4.08,93.3974914550781,70.07944774,219731479.0,33.0,4.53244520613151,5160.0,1.53717,63.334,0.30952,35.276,11.0,5236.3642488072
Indonesia,880415.93,360,2018-01-01,ID,3902.661675559,2.75422644615173,39.90463864,4.39,98.51,119.6084851,267066843.0,38.0,4.16298429125608,11320.0,0.96621,44.675,0.33438,31.965999999999994,5.9,11671.4323303214
Belgium,879740.22,140,2018-01-01,BE,47544.9811472757,6.38107013702393,88.647343,5.95,100.0,99.9891253,11427054.0,75.0,1.33065222724522,53000.0,0.45518,1.999,0.90509,24.384999999999998,2.5,52530.5620821347
Saudi Arabia,790281.26,36,2018-01-01,SA,24175.5833140113,,93.31000185,6.03,99.89,117.9691219,35018133.0,49.0,0.341212854265805,49310.0,2.38415,16.156,0.49478,32.562000000000005,4.7,48861.18780002
Czech Republic,758885.52,184,2018-01-01,CZ,23424.4804601855,4.26605987548828,80.68816754,2.25,100.0,120.5956604,10629928.0,59.0,2.87546852691743,38890.0,0.33443,26.208,0.56933,22.389,2.5,41143.8270486711
Estonia,687358.24,51,2018-01-01,EE,23165.8494786437,5.23997020721436,89.35700777,5.37,100.0,145.5233453,1321977.0,73.0,3.42361905839128,35640.0,0.34804,31.12,0.63625,23.875999999999998,2.5,36410.1220937377
Italy,556113.88,221,2018-01-01,IT,34622.1696664741,4.25614023208618,74.38718292,10.61,100.0,139.1884938,60421760.0,52.0,1.11781661979235,43510.0,-0.19006,29.562,0.80449,20.655,2.5,43036.2437770367
Switzerland,506836.56,123,2018-01-01,CH,85217.3691512274,4.93008995056152,91.8,4.71,100.0,126.7095617,8514329.0,85.0,2.10552472012415,68130.0,0.73663,26.203,1.20552,24.529,2.5,70688.8187491194
Mexico,496262.78,131,2018-01-01,MX,10130.3206984553,4.2542200088501,56.6595668,3.27,99.5,96.89668563,124013861.0,28.0,1.00624883578185,19900.0,0.95167,19.844,0.48203,33.010000000000005,3.4,21015.9257556815
Slovakia,492321.82,80,2018-01-01,SK,19486.3936845505,3.95290994644165,80.44892248,6.54,100.0,132.9546485,5446771.0,50.0,3.88639887857198,30880.0,0.13851,46.274,0.62118,25.429000000000002,3.3,31369.7988265901
Argentina,412931.42,184,2018-01-01,AR,11795.1627452798,4.87773990631104,77.7,9.22,99.9937362670898,131.9371685,44494502.0,40.0,-3.60160975657155,22460.0,1.01581,8.13,0.50636,30.865,3.4,23294.0986752419
Kazakhstan,381054.49,68,2018-01-01,KZ,9812.62543137393,2.61595010757446,78.90391906,4.85,100.0,140.6055713,18276452.0,31.0,2.74053637300669,22940.0,1.31452,42.572,0.37512,29.583999999999996,2.5,26158.4457696504
Greece,345945.04,128,2018-01-01,GR,19756.990456255,3.59734010696411,72.23837339,19.18,100.0,114.4592115,10732882.0,45.0,1.87490316346144,29290.0,-0.20288,20.942,0.66707,21.551000000000002,2.5,29617.5483399732
Hungary,343535.19,119,2018-01-01,HU,16425.2050299693,4.62343978881836,76.07436064,3.71,100.0,102.7165638,9775564.0,46.0,5.49601879186557,30660.0,-0.12679,28.649,0.51475,23.477,2.5,31908.863454349
Belarus,307038.5,90,2018-01-01,BY,6360.05310087258,5.38110017776489,79.12988669,4.76,99.348762512207,119.8449004,9438785.0,44.0,3.37043437009008,18740.0,-0.21382,21.405,0.32732,24.814999999999998,2.5,19430.9092097721
Croatia,284448.57,45,2018-01-01,HR,15040.0369182791,3.94578003883362,75.29462599,8.43,100.0,105.479914,4087843.0,48.0,3.74312570579878,28790.0,-0.89349,43.053,0.51897,23.46,2.5,28980.6457398275
Lithuania,273107.56,82,2018-01-01,LT,19186.359591641,3.89289999008179,79.72258277,6.15,100.0,130.8936876,2801543.0,59.0,4.99035385554106,35250.0,-0.95419,32.321,0.52744,24.076,2.5,36376.5278839032
New Zealand,268252.43,79,2018-01-01,NZ,43236.8866923404,5.18380880355835,89.0,4.34,100.0,130.5976242,4900600.0,87.0,1.68730805478903,40970.0,1.79124,13.462,1.01716,27.69,2.5,42507.4288120852
Portugal,265951.26,194,2018-01-01,PT,23562.5545228191,4.67515993118286,74.66096815,6.99,100.0,115.2549871,10283822.0,64.0,3.01412372965098,34080.0,-0.1601,34.789,0.67459,21.619999999999997,2.5,34928.5435337746
South Africa,261704.34,142,2018-01-01,ZA,7067.72416484458,5.64401006698608,62.4,24.22,84.7,161.1938374,57339635.0,43.0,0.319770420910046,13930.0,1.22553,33.645,0.49199,36.2,5.7,14331.5124121102
Austria,253275.75,183,2018-01-01,AT,51466.5565633634,5.22655010223389,87.47913723,4.93,100.0,124.2461975,8840521.0,76.0,1.92771305987296,56380.0,0.48707,41.703,0.90391,24.711,2.5,56937.944282984
Romania,237885.09,102,2018-01-01,RO,12494.4235789649,3.31918001174927,70.68127793,4.19,99.8226547241211,115.4396415,19473970.0,47.0,6.65376580785784,29030.0,-0.58749,46.002,0.42256,23.701,2.5,29568.3071859042
Bosnia and Herzegovina,232758.45,12,2018-01-01,BA,6024.49314979655,,70.12013504,18.4,100.0,101.7919614,3400129.0,38.0,5.04583814593265,14720.0,-1.16659,51.755,0.40703,25.458000000000002,2.5,14801.3225273827
Latvia,225604.77,94,2018-01-01,LV,17865.0310947642,4.24356985092163,83.57717486,7.41,100.0,106.9512252,1927174.0,58.0,4.80391392484378,30390.0,-0.77914,31.858,0.57859,22.979,2.5,30877.0419264805
Peru,202527.19,108,2018-01-01,PE,6912.10398761205,3.71392011642456,55.05433424,3.49,95.2,130.8994047,32203944.0,35.0,2.03724979302511,12360.0,1.87582,22.093,0.53164,32.821,5.9,13001.4612484879
Ireland,187334.96,60,2018-01-01,IE,79446.9391085469,3.38675999641418,87.00014011,5.74,100.0,102.8335051,4867316.0,73.0,7.13477339709543,65690.0,1.23888,36.83,0.93557,25.265,2.5,84918.3383814459
Slovenia,156428.49,31,2018-01-01,SI,26123.7471277911,4.93455982208252,79.7499766,5.13,100.0,117.0914525,2073894.0,60.0,4.07631630530021,38390.0,0.36258,45.459,0.67032,22.247,2.5,38971.8241162221
Chile,151101.8,117,2018-01-01,CL,15820.0333571155,5.473060131073,84.9,7.21,100.0,134.6365175,18701450.0,67.0,2.13907818098535,24520.0,1.79596,12.436,0.61788,30.830999999999996,2.8,25564.5367168945
India,144575.13,124,2018-01-01,IN,1974.3777314935,,20.08130004,7.65,95.7,85.90350833,1369003306.0,41.0,5.30240867438407,6520.0,1.08753,65.97,0.29956,35.046,13.1,6590.8823009363
Colombia,99811.06,41,2018-01-01,CO,6782.03792033195,4.44910001754761,64.12637682,9.36,98.5,130.9211763,49276961.0,36.0,0.638439615993107,14790.0,1.89559,19.222,0.44733,34.118,4.6,15161.3179744309
Dominican Republic,84988.56,12,2018-01-01,DO,7947.15933093481,3.91821074485779,74.82204836,5.86,98.9,83.02096599,10765531.0,30.0,5.80704982687432,17130.0,1.10484,18.926,0.44387,34.121,5.7,17904.4502873475
United Arab Emirates,69672.84,28,2018-01-01,AE,46722.2687183733,,98.45000178,2.24,100.0,219.700673,9140169.0,70.0,0.517239888578146,73520.0,0.78945,13.478,0.63767,46.39,3.8,73270.6715789192
"Moldova, Republic of",64777.79,7,2018-01-01,MD,4156.95750022299,5.53887987136841,50.3,1.24,99.99,115.7581058,2707203.0,33.0,5.92036718190722,13030.0,-1.757,57.371,0.3343,28.731,2.5,12434.6484689262
Armenia,64710.02,17,2018-01-01,AM,4391.92326991474,2.25586795806885,68.24505226,13.21,99.9,126.1831509,2836557.0,35.0,5.76988214903176,13770.0,-0.54025,36.851,0.32414,30.994,2.5,13549.5224245895
Kyrgyzstan,54299.99,25,2018-01-01,KG,1308.13978544561,5.55267000198364,57.1,3.67,100.0,140.3591937,6322800.0,29.0,1.71320910602361,5100.0,1.99032,63.649,0.24886,35.016999999999996,4.5,5256.55589410223
Malta,53229.74,41,2018-01-01,MT,31785.8848300917,4.95746278762817,81.65804429,3.66,100.0,125.2767573,484630.0,54.0,3.7300762666413,42280.0,3.49196,5.388,0.69289,28.735,2.5,45874.7758593082
Tunisia,49346.16,19,2018-01-01,TN,3577.17534204669,,64.19081023,15.46,99.8,123.7705691,11933041.0,43.0,1.57917937071691,11040.0,1.02423,31.055,0.31622,30.647,2.5,11312.2505072768
Mongolia,47936.18,21,2018-01-01,MN,4165.02282101895,3.99742722511292,47.13000188,5.38,98.1,133.4403606,3163991.0,37.0,5.43057257328132,11190.0,2.17136,31.555,0.33747,32.776,5.7,12342.0380175301
Iceland,47050.97,16,2018-01-01,IS,74452.1890731447,7.56349992752075,99.01095399,2.7,100.0,116.5506905,352721.0,76.0,2.11737323957688,54290.0,2.67814,6.187,1.30166,28.827,2.5,57197.7676247173
Kuwait,38702.09,26,2018-01-01,KW,32012.1875249538,,99.59884959,2.185,100.0,164.4554959,4317185.0,41.0,-2.12827593203232,56770.0,4.55608,0.0,0.63871,25.602999999999998,2.6,50119.6247627465
Uruguay,36766.96,20,2018-01-01,UY,19026.0498173005,4.61359977722168,80.72684288,8.34,99.8,130.1172556,3427042.0,70.0,0.0144915655816646,22600.0,0.14139,4.666,0.79439,28.854000000000003,2.5,23950.3933285084
North Macedonia,35762.5,10,2018-01-01,MK,6108.73917044261,,79.16775519,21.2,99.8,93.16855383,2076217.0,37.0,2.79561511891441,16090.0,0.08264,42.037,0.36369,28.564,2.8,16796.4480217539
Morocco,28649.29,13,2018-01-01,MA,3492.67260742188,4.96022701263428,64.80386519,9.729,98.1,124.1715549,35927511.0,43.0,1.89944589579329,8140.0,1.1179,37.547,0.42253,32.626,3.6,8266.1435546875
Panama,27085.0,7,2018-01-01,PA,16156.0742859681,2.91199088096619,61.80553132,5.218,93.8,137.3834585,4165255.0,37.0,1.96303772715136,30810.0,1.67512,32.291,0.48906,31.806,5.2,33034.751364135
Algeria,19249.31,14,2018-01-01,DZ,4171.79038755546,6.32453918457031,49.03846808,12.145,99.6377410888672,112.4675177,41927007.0,35.0,-0.707950480650311,11710.0,1.90333,27.371,0.34742,31.688999999999997,2.5,12007.7747128947
Egypt,15794.49,16,2018-01-01,EG,2531.20007864537,,46.92433677,9.86,100.0,90.40274284,103740765.0,35.0,3.34981502229812,11360.0,1.89893,57.296,0.21752,33.777,6.3,11636.4988438313
Ecuador,11593.33,3,2018-01-01,EC,6321.34940071717,4.62145519256592,57.5,3.53,98.7,92.69594524,17015672.0,34.0,-0.608002128663117,11560.0,1.89091,36.179,0.53176,34.67,11.9,11887.4922454745
Bolivia,7460.44,4,2018-01-01,BO,3471.0069506501,8.01587009429932,44.2861422,3.52,92.8,98.61224848,11606905.0,29.0,2.68479733919096,8460.0,1.48747,30.575,0.40035,35.916000000000004,13.8,8669.82784866231
Uzbekistan,7430.59,5,2018-01-01,UZ,1604.25864156544,4.83589315414429,55.20000067,5.379,99.9921875,71.57614633,32956100.0,23.0,4.05650668062363,7500.0,1.73699,49.522,0.22008,35.469,2.5,7289.32950041393
Lao People's Democratic Republic,7305.66,28,2018-01-01,LA,2553.36186646266,2.33501219749451,36.3,3.308,92.9,51.54585373,7105006.0,29.0,4.64655561898404,7390.0,1.51871,64.996,0.33041,37.394000000000005,5.3,7727.75255071461
Azerbaijan,7035.21,12,2018-01-01,AZ,4739.7943123408,2.45543003082275,79.79999549,4.9,100.0,101.8436601,9939771.0,25.0,0.624486167739661,13850.0,0.86632,44.32,0.32573,32.436,2.5,14551.2001141105
"Iran, Islamic Republic of",5596.5,23,2018-01-01,IR,3850.75125293224,3.61979007720947,70.200565,12.19,100.0,103.6264522,85617562.0,28.0,-3.11349170944678,15050.0,1.30788,25.102,0.25565,33.762,7.2,15044.3691447389
Iraq,5358.82,9,2018-01-01,IQ,5601.46706102705,,33.9,13.449,99.9,89.9894631,40590700.0,18.0,0.182367803474691,10160.0,2.41756,29.527,0.54727,34.713,17.2,10235.3363597344
Luxembourg,4542.53,6,2018-01-01,LU,116786.511654677,3.66211009025574,97.06129871,5.59,100.0,131.3674819,607950.0,81.0,-0.714325922150593,83270.0,1.92884,9.019,1.00247,26.899,2.5,116498.512080919
Nicaragua,3802.88,1,2018-01-01,NI,1981.85836665362,4.47379589080811,37.6,5.2,85.2143325805664,113.2267851,6572233.0,25.0,-4.7110101419611,5480.0,1.4051,41.478,0.34335,37.018,17.4,5772.22504633547
Georgia,3799.88,13,2018-01-01,GE,4722.0424231414,3.5210599899292,62.7179082,12.67,99.9,144.7181513,3726549.0,58.0,4.88385492937473,14030.0,-0.03904,41.368,0.32351,26.603,3.1,14596.069289313
Guatemala,3753.33,7,2018-01-01,GT,4485.75213495073,3.13193988800049,41.5,2.28,94.2099914550781,121.4676927,16346950.0,27.0,1.76513639905617,8500.0,1.60039,48.946,0.51723,37.782,14.1,8672.71778183822
Cambodia,2250.0,26,2018-01-01,KH,1533.31598466079,2.44785928726196,,0.128,80.7008285522461,121.1658947,16025238.0,20.0,6.16447598598624,4090.0,1.22145,76.612,0.35502,35.161,4.8,4319.015890065
Costa Rica,2091.56,6,2018-01-01,CR,12383.1499522763,6.76991987228394,73.47972844,9.01,99.7,168.5386493,5040734.0,56.0,1.66130830846163,20010.0,0.93462,20.66,0.58565,32.591,3.1,21144.4097740325
Albania,1346.55,3,2018-01-01,AL,5287.66080067575,3.15294480323792,65.4,12.3,100.0,94.36446759,2866376.0,36.0,4.27631155105293,13480.0,-0.24673,39.681,0.39173,30.486,4.1,13498.2495157541
Bangladesh,600.0,6,2018-01-01,BD,1963.41249219641,1.65589129924774,23.44,4.373,86.915283203125,98.83168698,163683958.0,26.0,6.08023297450373,5460.0,1.16138,63.368,0.37415,36.618,12.7,5247.69469583125
Trinidad and Tobago,543.38,1,2018-01-01,TT,16328.1268925695,3.21678996086121,,3.49,100.0,131.0947831,1504709.0,41.0,-2.3266731053272,25400.0,1.74991,46.816,0.61816,30.135999999999996,12.7,26486.7533982237
Sri Lanka,285.14,1,2018-01-01,LK,4360.58473469252,1.98781001567841,46.9,4.32,99.585578918457,140.3243174,21670000.0,38.0,1.53963313430194,13730.0,0.7559,81.524,0.30962,29.045,7.1,14083.6863851359
Paraguay,54.94,1,2018-01-01,PY,6242.96145417898,3.29619598388672,64.99354302,6.22,99.6,115.4634996,6443328.0,29.0,1.79595163131663,13690.0,1.37397,38.415,0.44022,36.162,2.9,14181.4251478856
United States,46458429.82,6245,2019-01-01,US,65120.3946628653,4.98727989196777,89.43028486,3.67,100.0,106.4140195,328329953.0,69.0,1.82966838809384,66290.0,0.45538,17.541,1.0,26.924000000000003,2.5,65120.3946628653
China,24798866.67,1454,2019-01-01,CN,10143.8602205959,3.54105472564697,64.0808813,4.56,100.0,122.8132903,1407745000.0,41.0,5.57531686365964,16610.0,0.35474,39.692,0.60904,27.366,2.5,16655.3993636127
"Korea, Republic of",17389023.94,1226,2019-01-01,KR,31902.4169048194,4.68465995788574,96.15757918,3.75,100.0,132.9873505,51764822.0,59.0,1.8889146004307,43780.0,0.34787,18.57,0.7349,25.112000000000002,2.5,43410.3022035098
France,10744787.03,1328,2019-01-01,FR,40494.8982936276,5.35443019866943,83.33974409,8.41,100.0,111.8637727,67388001.0,69.0,1.49589898756051,51580.0,0.34137,19.291,0.80186,23.213,2.5,50500.96075877
Finland,9981772.07,388,2019-01-01,FI,48629.8582283032,6.41695022583008,89.60738511,6.69,100.0,129.4929527,5521606.0,86.0,1.11326909206437,52070.0,0.11019,14.554,0.93859,23.895,2.5,51811.5573678339
Denmark,9851072.45,525,2019-01-01,DK,59592.9806886454,6.9096999168396,98.04643475,5.02,100.0,124.9761468,5814422.0,87.0,1.13065749415978,61650.0,0.35813,12.006,0.9947,25.323999999999998,2.5,59910.6648428991
Canada,8161800.37,976,2019-01-01,CA,46374.1527517191,4.77293014526367,91.91289669,5.69,100.0,91.59004081,37601230.0,77.0,0.455346530493799,49240.0,1.43614,18.518,0.9306,26.092000000000002,2.5,49832.4053770764
United Kingdom,7223431.61,1015,2019-01-01,GB,42662.5353740311,5.24871015548706,92.51662855,3.74,100.0,120.8484884,66836327.0,77.0,1.06983334867479,49270.0,0.56413,16.348,0.86728,25.186,2.5,49191.2100377292
Sweden,7072338.24,594,2019-01-01,SE,51939.4297445291,7.63851022720337,94.49344341,6.83,100.0,125.5936109,10278887.0,85.0,0.957561656419784,58110.0,1.01372,12.292,0.92084,25.301,2.5,56404.3002044523
Australia,6879920.41,940,2019-01-01,AU,55049.571919719,5.13429021835327,93.60991916,5.16,100.0,110.29622,25334826.0,77.0,0.682490945150491,50180.0,1.48521,13.876,1.05841,27.790000000000003,2.5,52011.5191125621
Brazil,6374129.77,1209,2019-01-01,BR,8845.32414932264,5.96346998214722,73.91243991,11.94,99.8,95.38505233,211782878.0,35.0,0.448280407148658,14900.0,0.76611,13.176,0.57783,32.191,2.5,15307.9412354827
Germany,6224021.2,1196,2019-01-01,DE,46805.1384334439,5.11676979064941,88.13451691,3.14,100.0,128.9265144,83092962.0,80.0,0.847783197111852,59330.0,0.22552,22.624,0.81526,23.024,2.5,57411.5705910313
Russian Federation,6009773.03,886,2019-01-01,RU,11536.2587890625,3.50932550430298,82.64216187,4.5,99.7779693603516,164.3876311,144406261.0,28.0,2.24397951657973,29120.0,-0.04957,25.413,0.38368,25.235,2.5,30067.740234375
Japan,3666316.79,712,2019-01-01,JP,40415.9567649547,3.15533995628357,92.73039781,2.35,100.0,148.2722187,126633000.0,73.0,-0.262170828589063,43930.0,-0.14046,8.302,0.95612,19.585,2.5,42270.9627920042
Norway,3602053.79,245,2019-01-01,NO,76430.5889473338,7.8645601272583,98.00000439,3.69,100.0,107.9941993,5347896.0,84.0,0.443429279720704,72050.0,0.67506,17.384,1.09317,26.201999999999998,2.5,69916.376832311
Philippines,3454042.11,318,2019-01-01,PH,3413.84904430419,3.3557915687561,43.02661187,2.24,95.2904739379883,151.5865313,110380804.0,34.0,4.37652555122709,10010.0,1.65518,52.851,0.37506,34.528,5.0,9102.18923747193
Netherlands,3249907.89,493,2019-01-01,NL,52476.2732533327,5.15986013412476,93.2885906,3.38,100.0,125.3335923,17344874.0,82.0,1.28988912106223,58980.0,0.65507,8.124,0.87158,25.158,2.5,60208.4221704236
Poland,3063691.54,538,2019-01-01,PL,15700.0135796738,4.67881011962891,80.43590688,3.28,100.0,125.7168536,37965475.0,58.0,4.47550510562556,33510.0,-0.02443,39.963,0.44888,24.456,2.5,34976.0444451627
Austria,2819763.06,206,2019-01-01,AT,50067.5857265892,5.21750020980835,87.75220479,4.56,100.0,120.7891044,8879920.0,77.0,1.00040695317784,59530.0,0.44467,41.485,0.83864,24.445,2.5,59700.8636302637
Thailand,2556184.41,626,2019-01-01,TH,7628.57603307351,3.02221417427063,66.65241946,0.72,99.9,181.7670258,71307763.0,36.0,1.85684899765484,18070.0,0.25269,49.308,0.40663,27.227000000000004,6.0,18760.4124030103
Malaysia,2486373.53,296,2019-01-01,MY,11132.1027429418,3.97953963279724,84.18714501,3.26,100.0,135.9610804,32804020.0,53.0,3.12489613274091,28090.0,1.24151,23.393,0.38589,35.486999999999995,3.8,28848.1008541329
Bulgaria,2301167.58,86,2019-01-01,BG,9874.33632625168,4.19715023040771,67.94698094,4.23,99.1950073242188,115.3427025,6975761.0,43.0,4.77008195264021,24460.0,-0.70391,24.653,0.39248,21.419999999999998,2.7,25158.9222661578
Argentina,2228729.79,241,2019-01-01,AR,9963.67416171662,4.77759981155396,79.94695203,9.84,100.0,125.9409814,44938712.0,45.0,-2.96956249866219,22100.0,0.9934,8.009,0.43306,30.738999999999997,3.4,23007.8365916056
Indonesia,2108230.46,696,2019-01-01,ID,4151.22755440796,2.84207797050476,47.69064898,3.59,98.85,126.5946679,269582878.0,40.0,4.03913565656795,11980.0,0.93769,44.015,0.33584,31.68,6.0,12360.6917362653
Spain,1940543.18,541,2019-01-01,ES,29581.5185513299,4.23021984100342,90.71866533,14.1,100.0,117.4481914,47134837.0,62.0,1.25463175469125,43190.0,0.71772,19.435,0.68621,21.241999999999997,2.5,43108.7687037933
Viet Nam,1469586.6,554,2019-01-01,VN,3491.09140990663,3.08499836921692,68.66158021,1.68,99.4,142.2374996,95776716.0,37.0,6.39258594504489,10150.0,0.90449,63.372,0.32667,31.725,5.5,10686.8030202625
Ukraine,1391945.15,301,2019-01-01,UA,3661.45776367188,5.44129991531372,70.1248443,8.19,100.0,130.6294363,44386203.0,30.0,3.79372391176472,13510.0,-0.53099,30.527,0.27431,24.634999999999998,3.6,13348.0283203125
Italy,1239617.96,252,2019-01-01,IT,33673.7509627421,4.09527015686035,67.85071029,9.95,100.0,133.0713342,59729081.0,53.0,1.64850339347826,46190.0,-1.15303,29.264,0.73524,20.567,2.5,45799.7722515421
Romania,1063526.31,103,2019-01-01,RO,12957.9991142218,3.56695008277893,73.65747575,3.91,100.0,116.1173683,19371648.0,44.0,4.40172136610761,32600.0,-0.52681,45.916,0.39188,23.412000000000003,2.5,33066.4781390592
Belgium,1059645.28,200,2019-01-01,BE,46641.7214017087,6.33397006988525,90.27542801,5.36,100.0,99.99135577,11488980.0,75.0,1.68975368856101,56340.0,0.54046,1.959,0.8358,24.339,2.5,55804.8305813929
Estonia,1008902.87,46,2019-01-01,EE,23424.4847073518,5.29571008682251,90.2289282,4.45,100.0,147.0228833,1326898.0,74.0,3.35497243936102,38270.0,0.37155,30.949,0.60052,23.457,2.5,39007.1659628423
Peru,987961.74,126,2019-01-01,PE,6955.88082448096,3.822429895401,59.9505036,3.38,95.551360223182,121.3854737,32824861.0,36.0,0.306641968886368,12800.0,1.90973,21.901,0.52397,32.884,6.2,13275.2815672205
Switzerland,937407.25,184,2019-01-01,CH,84121.9310304414,5.01438999176025,93.14608695,4.39,100.0,126.9492891,8575280.0,85.0,0.423089768227314,70150.0,0.71331,26.151,1.15761,24.283,2.5,72668.747107339
Mexico,859490.47,188,2019-01-01,MX,10434.5783651735,,69.63210927,3.48,99.6,97.561569,125085311.0,29.0,-1.13234162481218,19630.0,0.86027,19.556,0.50163,32.836999999999996,2.8,20801.2587202949
India,811459.19,251,2019-01-01,IN,2050.1638002619,,29.52351142,6.51,95.8859405517578,83.25286162,1383112050.0,41.0,2.81187310084181,6830.0,1.02531,65.528,0.29722,34.959,14.4,6897.77003734099
Saudi Arabia,786636.98,124,2019-01-01,SA,23405.7060995766,,95.7247356,5.64,99.99,115.2711969,35827362.0,53.0,-1.44520818534598,49480.0,2.28459,15.935,0.47748,32.867000000000004,4.6,49018.9098990994
Turkey,783886.2,202,2019-01-01,TR,9215.44087472889,4.45403003692627,73.97670229,13.67,100.0,96.77676962,82579440.0,39.0,-0.612618493559708,27280.0,0.80868,24.37,0.32853,32.25,2.5,28050.6474896155
New Zealand,770361.75,101,2019-01-01,NZ,42796.4305818389,5.17202997207642,89.86372003,4.11,100.0,121.2131234,4979200.0,87.0,0.828804838155989,44720.0,1.59116,13.385,0.93335,27.76,2.5,45852.4230202271
Israel,727147.8,77,2019-01-01,IL,44452.2325623093,6.05673980712891,86.78787762,3.73,100.0,135.9213376,9054000.0,60.0,2.18667357283937,40710.0,1.90898,7.499,1.08587,28.546,2.5,40937.0095634177
Pakistan,638113.55,105,2019-01-01,PK,1437.1658330724,2.21491765975952,17.07090172,4.83,93.9,74.07560451,223293280.0,32.0,0.862674221586389,5280.0,1.60798,63.093,0.26732,35.308,13.1,5376.28411672822
Czech Republic,597568.74,248,2019-01-01,CZ,23664.8478631108,4.54246997833252,80.86694441,2.02,100.0,124.3382405,10671870.0,56.0,2.62495626738699,41540.0,0.39379,26.079,0.53525,22.024,2.5,44212.7465021167
Kazakhstan,526841.8,105,2019-01-01,KZ,9812.59552626324,2.8569700717926,81.87762047,4.8,100.0,137.1299254,18513673.0,34.0,3.16101154086459,24040.0,1.28961,42.46,0.35722,28.924999999999997,2.5,27469.4150964182
Belarus,498195.48,115,2019-01-01,BY,6837.76832136779,4.97948980331421,82.78915209,4.16,100.0,120.1910673,9419758.0,45.0,1.65111819575279,19520.0,-0.20179,20.956,0.34008,24.175,2.5,20106.0689126376
Portugal,484187.54,241,2019-01-01,PT,23330.817288932,4.63002014160156,75.34637794,6.46,100.0,115.7418865,10286263.0,62.0,2.65839260557085,36330.0,0.02373,34.236,0.6255,21.502,2.5,37299.287767416
Slovenia,474904.51,51,2019-01-01,SI,26042.4463468032,4.8964900970459,83.1083578,4.45,100.0,118.8876247,2088385.0,60.0,2.80435041419331,41450.0,0.6963,45.178,0.61812,21.881999999999998,2.5,42131.388588643
Slovakia,410407.72,64,2019-01-01,SK,19381.8905468746,4.27319002151489,82.8536605,5.76,100.0,135.6735811,5454147.0,50.0,2.37262351593202,32650.0,0.13533,46.271,0.57936,24.765,2.7,33453.807873542
Lithuania,363173.02,88,2019-01-01,LT,19615.5491450175,3.96757006645203,81.58186838,6.26,100.0,130.0157981,2794137.0,60.0,4.94310000159899,38560.0,-0.2647,32.145,0.49048,23.604,2.5,39992.5692153148
Croatia,283584.65,56,2019-01-01,HR,15120.9029026824,3.95437002182007,79.07978368,6.62,100.0,106.6565741,4065253.0,47.0,3.97429329895074,31610.0,-0.55415,42.758,0.47759,23.066000000000003,2.5,31660.4684090677
Kyrgyzstan,274785.8,15,2019-01-01,KG,1451.51563835807,5.36674976348877,64.1,4.25,99.8846740722656,136.3543926,6456200.0,30.0,2.43933520707861,5000.0,2.08788,63.409,0.25067,34.416000000000004,4.5,5481.38013990626
Latvia,260362.38,83,2019-01-01,LV,17883.3494113217,4.42054986953735,86.13545644,6.31,100.0,108.0924889,1913822.0,56.0,1.28926269967,32450.0,-0.69524,31.778,0.54499,22.425,2.5,32814.2643459933
Bosnia and Herzegovina,248754.99,19,2019-01-01,BA,6094.72482322311,,69.94634763,15.69,100.0,111.7477784,3360711.0,36.0,4.09411575032696,16090.0,-1.16608,51.374,0.37812,24.897,2.5,16118.5058181414
Hungary,232950.7,128,2019-01-01,HU,16786.2136399075,4.22488021850586,80.37169361,3.42,100.0,105.1259564,9771141.0,44.0,4.91169352525995,33730.0,-0.04526,28.356,0.48451,23.381,2.5,34645.5653834313
Ireland,231980.57,79,2019-01-01,IE,80848.3019020489,,87.00005524,4.95,100.0,105.3980591,4934340.0,74.0,3.86745063863189,69690.0,1.36763,36.595,0.90203,25.099,2.5,89628.8358075633
Greece,217996.22,95,2019-01-01,GR,19143.8876174584,3.58606004714966,75.67120669,17.04,100.0,112.370475,10721582.0,48.0,1.98686576653837,30880.0,-0.10534,20.612,0.61447,21.246,2.5,31155.2614037483
Bolivia,207351.83,11,2019-01-01,BO,3472.38083136442,8.09103965759277,47.47481911,3.68,95.08,99.24869117,11777315.0,31.0,0.73769715524476,8710.0,1.4575,30.227,0.39057,35.861,13.7,8890.46295366602
Chile,193101.49,121,2019-01-01,CL,14632.6903076927,5.61996984481812,85.01758384,7.27,100.0,131.5774455,19039485.0,67.0,-1.04550574088437,24640.0,1.79139,12.357,0.57137,30.767,2.6,25600.1927037347
Tunisia,150616.17,18,2019-01-01,TN,3477.83618091653,,66.6999983,17.15,100.0,122.5882901,12049314.0,43.0,0.607548293213767,11280.0,0.96966,30.746,0.3002,29.934,2.5,11585.1447258654
United Arab Emirates,131597.67,50,2019-01-01,AE,45376.1708381558,3.86020994186401,99.14999796,2.33,100.0,212.804439,9211657.0,71.0,0.323686531170736,75200.0,0.77909,13.211,0.60642,44.312,3.4,74826.5184162299
South Africa,119448.11,94,2019-01-01,ZA,6702.52661666304,5.92770004272461,69.69687508,25.54,85.0,166.9433215,58087055.0,44.0,-1.03013294248167,14080.0,1.29507,33.144,0.46322,35.533,6.1,14438.3277092703
North Macedonia,115936.88,22,2019-01-01,MK,6070.38805358275,,81.41288276,17.39,100.0,90.86343805,2076694.0,35.0,3.88655214622943,17180.0,0.02297,41.792,0.33711,28.123,2.9,18007.1206249305
Uzbekistan,103733.93,21,2019-01-01,UZ,1795.20176845657,6.29534673690796,70.39999865,4.92,99.9989929199219,101.2222235,33580350.0,25.0,4.01139218369858,7810.0,1.87647,49.567,0.23261,34.701,2.5,7717.74411671158
Egypt,88899.2,27,2019-01-01,EG,3017.25833578941,,57.2828664,7.85,100.0,90.26837878,105618671.0,35.0,3.67537083093788,11860.0,1.794,57.27,0.24569,33.432,6.3,12280.6063924863
Uruguay,79749.08,25,2019-01-01,UY,18098.361548609,4.64130020141602,83.35153377,8.73,99.9,132.0241348,3428409.0,71.0,0.704262097511574,23350.0,0.03988,4.574,0.73715,28.884,2.5,24551.7461680548
Iceland,74029.46,46,2019-01-01,IS,68452.23622306,7.60675001144409,99.50494117,3.51,100.0,114.5997217,360563.0,78.0,-0.354233392746096,59540.0,2.19893,6.145,1.14755,29.011000000000003,2.5,59650.8272332145
Iraq,69429.7,38,2019-01-01,IQ,5621.18169491752,,44.32634655,14.0,99.9910278320313,89.56113197,41563520.0,20.0,3.04417477296685,10680.0,2.36839,29.322,0.52358,34.775000000000006,16.9,10736.1222640072
Mongolia,65371.08,28,2019-01-01,MN,4394.94715044543,3.65236973762512,51.07999408,5.736,98.9232559204102,136.705791,3232430.0,35.0,3.36636842682287,11550.0,2.14,31.457,0.33843,31.772000000000002,5.1,12986.377468024
Dominican Republic,60124.87,39,2019-01-01,DO,8173.34469885261,4.04276895523071,79.71545398,6.18,99.0,82.22940664,10881882.0,28.0,3.92893172690793,18080.0,1.07497,18.172,0.4315,33.88999999999999,6.3,18941.7167791279
Colombia,60087.93,55,2019-01-01,CO,6436.50921529527,4.51069021224976,65.00690072,10.28,99.4442596435547,132.0713308,50187406.0,37.0,1.31495237842461,15530.0,1.83075,18.896,0.40552,34.076,5.4,15872.3089831645
Algeria,50973.35,12,2019-01-01,DZ,4021.9832660524,6.03690671920776,58.97757455,12.275,99.5,106.3696091,42705368.0,35.0,-0.840856659456264,11820.0,1.83944,26.811,0.33184,30.787,2.5,12120.4063737646
Morocco,38572.69,27,2019-01-01,MA,3498.58276367188,5.00325679779053,84.12036305,9.668,99.6,127.9529984,36304408.0,41.0,1.80265718208821,8440.0,1.04358,37.006,0.40842,32.120000000000005,4.2,8566.1162109375
Malta,38526.34,39,2019-01-01,MT,31727.0070746362,4.93738985061646,85.77859638,3.62,100.0,125.9617103,504062.0,54.0,2.93152629277003,45180.0,3.93136,5.322,0.6401,28.708999999999996,2.8,49565.4409253982
Albania,37459.64,14,2019-01-01,AL,5396.2142432843,3.91623997688293,68.55039112,11.47,100.0,91.51642864,2854191.0,35.0,2.52354084280566,14220.0,-0.42601,38.771,0.37454,30.185,4.1,14407.368334259
Cambodia,37136.78,56,2019-01-01,KH,1671.3854000919,2.82565474510193,52.30587822,0.116,84.0,132.1508925,16207746.0,20.0,5.84861969425387,4380.0,1.13244,76.195,0.35916,34.542,4.3,4653.63036632515
Luxembourg,36867.34,16,2019-01-01,LU,112726.439672814,3.73954010009766,97.12063569,5.59,100.0,131.9105832,620001.0,80.0,0.915465845901139,80490.0,1.96284,8.777,0.94211,26.934,2.5,119652.804950128
Azerbaijan,32767.62,48,2019-01-01,AZ,4805.75371765917,3.1764600276947,81.09999907,5.0,100.0,105.0577494,10024283.0,30.0,1.63585048130741,14470.0,0.84665,43.969,0.31922,31.79,2.5,15054.544606509
"Iran, Islamic Republic of",32656.74,53,2019-01-01,IR,3276.75326508099,3.25775003433228,72.45090477,10.74,100.0,136.3859613,86564202.0,26.0,-4.13057879491164,14720.0,1.09959,24.609,0.22319,32.563,7.0,14681.6873154341
Kuwait,29611.09,20,2019-01-01,KW,30666.2371314234,,99.54267645,2.213,100.0,164.9822792,4441100.0,40.0,-3.32674574935527,56270.0,2.82985,0.0,0.62176,24.136,2.6,49321.4723671014
Costa Rica,28138.87,29,2019-01-01,CR,12669.3411549351,6.73808002471924,81.20259644,10.81,99.71,143.7687874,5084532.0,56.0,1.53529056591222,21260.0,0.86513,19.924,0.56039,32.171,3.1,22608.2321554976
Armenia,26845.97,10,2019-01-01,AM,4828.50488626598,2.57191228866577,66.54394969,12.2,100.0,128.2969735,2820602.0,42.0,8.20864949959488,15120.0,-0.56407,36.781,0.32352,30.250999999999998,2.5,14924.776928318
Georgia,22885.1,22,2019-01-01,GE,4696.15058555612,3.86666989326477,68.84671356,11.57,100.0,142.7295197,3720161.0,56.0,5.16261881694761,14930.0,-0.17157,40.961,0.30055,26.162,3.1,15624.9700213762
Guatemala,13719.92,7,2019-01-01,GT,4647.80754129437,3.19297003746033,44.40104984,2.19,95.4291458129883,122.0257077,16604026.0,26.0,2.40741472209567,8880.0,1.56039,48.561,0.51409,37.783,14.1,9040.8341127902
"Moldova, Republic of",13143.1,10,2019-01-01,MD,4404.95042249597,6.22576999664307,57.76048611,1.5,100.0,116.2198572,2664224.0,32.0,5.22280984962049,14020.0,-1.60032,57.274,0.33073,27.976,2.5,13318.8059326638
Paraguay,11720.03,17,2019-01-01,PY,5807.83879407975,3.48983025550842,68.51762842,6.59,99.7,118.8639678,6530026.0,28.0,-1.72420205098025,13750.0,1.33657,38.121,0.40938,35.861000000000004,3.3,14186.9271811206
Lao People's Democratic Republic,11299.61,38,2019-01-01,LA,2598.50552320723,2.12201404571533,47.03225806,3.364,98.397346496582,64.29411986,7212053.0,29.0,3.89244790332448,7700.0,1.4954,64.355,0.31795,37.203,5.4,8172.57792327144
Ecuador,10249.84,18,2019-01-01,EC,6233.25816692363,4.22565984725952,59.2,3.81,99.09,91.40531396,17343740.0,38.0,-1.87968820683531,11520.0,1.90968,36.014,0.52498,34.672,13.4,11873.2893067757
Nicaragua,7563.83,5,2019-01-01,NI,1905.63832831484,4.59991979598999,44.91635601,5.492,85.661979675293,86.86221512,6663924.0,22.0,-4.23309787067595,5420.0,1.38548,41.24,0.33866,36.762,17.5,5627.04745610843
Panama,1338.51,9,2019-01-01,PA,16472.8317470488,3.09329414367676,63.62841477,6.33,93.9,137.6404715,4232532.0,36.0,1.6401875183941,32060.0,1.60229,31.941,0.48196,31.642,4.7,34178.9238005126
Sri Lanka,210.0,1,2019-01-01,LK,4082.69404871533,,50.68732735,4.67,99.7613525390625,130.9608639,21803000.0,38.0,-0.829146714268376,13820.0,0.61188,81.415,0.28716,28.869,6.4,14217.4686559492
Bangladesh,200.0,1,2019-01-01,BD,2122.07839667492,1.68138802051544,27.76,4.376,92.2,100.0336994,165516222.0,26.0,6.68765439756285,5930.0,1.11317,62.595,0.37235,36.568,11.8,5699.07813423519
Trinidad and Tobago,72.0,1,2019-01-01,TT,15642.4067190576,3.59864854812622,78.96497802,3.52,100.0,142.3545434,1519955.0,40.0,-0.645428670423598,25710.0,1.00812,46.813,0.59481,29.556,13.2,26787.8874660264
United States,25564511.11,5603,2020-01-01,US,63528.6343027508,5.43544006347656,90.62047017,8.05,100.0,104.9353748,331511512.0,67.0,-3.70095252825833,64770.0,0.96435,17.336,1.0,26.858000000000004,2.5,63528.6343027508
China,24316314.86,1595,2020-01-01,CN,10408.7195541075,3.57295632362366,70.05275998,5.0,100.0,120.5961882,1411100000.0,42.0,1.99555804231497,17070.0,0.23804,38.572,0.60483,26.9,2.5,17209.4429541562
"Korea, Republic of",10821201.69,1110,2020-01-01,KR,31721.2989141857,4.8017201423645,96.50506052,3.93,100.0,136.0094467,51836239.0,61.0,-0.846212237799236,45080.0,0.13787,18.586,0.70973,24.705,2.5,44694.7336959843
Brazil,6020673.86,1144,2020-01-01,BR,6923.6999117682,5.77150011062622,81.34269353,13.7,99.7027130126953,96.54706819,213196304.0,38.0,-3.91800417154039,14590.0,0.66518,12.927,0.46467,31.781999999999996,3.7,14900.104216322
France,5619276.22,1147,2020-01-01,FR,39179.7442596057,5.67784023284912,84.70640914,8.01,100.0,112.8271405,67571107.0,69.0,-7.7910085087493,48880.0,0.27135,19.025,0.81137,23.136000000000003,2.5,48288.3562301342
United Kingdom,5026265.8,928,2020-01-01,GB,40217.0090116986,5.49770021438599,94.81820132,4.472,100.0,117.8163133,67081234.0,77.0,-10.687168020963,44840.0,0.36576,16.097,0.87893,25.039,2.5,45756.6510715223
Russian Federation,4872723.04,924,2020-01-01,RU,10194.44140625,3.70146751403809,84.99466978,5.59,99.8977813720703,163.5893357,144073139.0,30.0,-2.4510269293305,29310.0,-0.23095,25.246,0.33968,24.66,2.5,30011.57421875
Germany,4479062.76,1270,2020-01-01,DE,46749.4762280016,5.58759021759033,89.81294133,3.86,100.0,128.8867207,83160871.0,80.0,-3.90530358342936,58150.0,0.08169,22.547,0.82809,22.841,2.5,56454.2794274403
Denmark,4400173.68,483,2020-01-01,DK,60836.5924121638,7.38911008834839,96.54914573,5.64,100.0,124.4957422,5831404.0,88.0,-2.70866841979111,62800.0,0.29164,11.884,1.00137,25.45,2.5,60753.4340598052
Canada,4036808.92,845,2020-01-01,CA,43562.4358311849,4.88794994354248,92.3,9.66,100.0,85.40841921,38007166.0,77.0,-6.0524737471716,46860.0,1.0738,18.438,0.91791,25.962000000000003,2.5,47226.3651403334
Thailand,3270764.54,766,2020-01-01,TH,7001.78546023389,3.1531708240509,77.84374066,1.1,100.0,162.7043297,71475664.0,36.0,-6.28758089052563,17420.0,0.23518,48.57,0.39313,26.855,5.6,17810.2507528433
Japan,3216040.3,763,2020-01-01,JP,40040.7655055923,3.41698098182678,90.21945812,2.81,100.0,155.7389638,126261000.0,74.0,-3.86470966963243,43200.0,-0.29419,8.218,0.95929,19.444,2.7,41683.9155842443
Sweden,2881150.74,548,2020-01-01,SE,52837.9039778149,7.92561006546021,94.53943122,8.29,100.0,123.3665446,10353442.0,85.0,-2.87468419018519,58190.0,0.7227,12.023,0.94117,25.29,2.5,56140.5523953504
Indonesia,2684022.17,732,2020-01-01,ID,3895.61815200225,3.49102473258972,53.72649449,4.25,96.95,130.8110952,271857970.0,37.0,-2.88509409342301,11830.0,0.84039,43.359,0.32034,31.472,6.1,12160.7167616838
Australia,2564669.95,823,2020-01-01,AU,51868.2475567823,5.60844993591309,96.39446689,6.46,100.0,105.231579,25649248.0,77.0,-1.55643630102695,51870.0,1.2357,13.759,0.97467,27.558000000000003,2.5,53216.4685369712
Poland,1976946.09,595,2020-01-01,PL,15816.8204021382,4.85265016555786,83.18488715,3.16,100.0,128.4226449,37899070.0,56.0,-1.84839482693985,33970.0,-0.17506,39.957,0.44787,23.755,2.5,35315.7172595773
Finland,1881240.4,432,2020-01-01,FI,49169.7193388499,6.6349401473999,92.17027106,7.76,100.0,128.7646479,5529543.0,85.0,-2.49512296758466,53190.0,0.14364,14.483,0.94005,23.796999999999997,2.5,52305.2893109382
Viet Nam,1596052.73,674,2020-01-01,VN,3586.34717624763,3.21652889251709,70.30000012,2.1,99.8,143.7522156,96648685.0,36.0,1.9373565936546,10560.0,0.9063,62.66,0.32497,31.212000000000003,5.1,11035.9995951674
Spain,1573148.08,600,2020-01-01,ES,26984.2962770279,4.89986991882324,93.20564892,15.53,100.0,117.4899328,47365655.0,62.0,-11.6001893006088,38080.0,0.4885,19.19,0.70969,21.306,2.5,38022.7219830092
Netherlands,1427676.71,439,2020-01-01,NL,52162.5701150406,5.42381000518799,91.33333333,3.82,100.0,122.8307665,17441500.0,82.0,-4.41855550924734,57870.0,0.55554,7.764,0.87195,25.195,2.5,59822.954267638
Norway,1409053.35,251,2020-01-01,NO,68340.0181033702,8.3728199005127,94.60755647,4.42,100.0,108.285471,5379475.0,84.0,-1.85769610859076,67820.0,0.58876,17.026,1.04928,26.09,2.5,65130.1721871608
Ukraine,1313451.03,245,2020-01-01,UA,3751.7373046875,5.38231992721558,75.03790912,9.48,100.0,129.3411657,44132049.0,33.0,-3.10165858921107,13390.0,-0.57424,30.392,0.28633,23.993000000000002,4.1,13102.7958984375
Malaysia,1039791.63,294,2020-01-01,MY,10164.344431073,4.52045011520386,89.55501192,4.54,100.0,131.6976181,33199993.0,51.0,-6.58445333067471,26730.0,1.19986,22.84,0.37249,34.991,3.2,27300.2667960893
Philippines,963981.65,310,2020-01-01,PH,3224.42281121767,3.87667298316956,47.11190815,2.52,96.3902893066406,133.3257005,112190977.0,34.0,-10.9781941392831,8830.0,1.62663,52.592,0.39281,34.493,5.1,8208.66938592418
Mexico,961371.06,300,2020-01-01,MX,8894.89065003643,4.62572002410889,71.49017499,4.44,99.4,97.53972081,125998302.0,31.0,-9.31350271613651,17920.0,0.72724,19.269,0.46728,32.748,2.5,19035.3821192066
Saudi Arabia,922741.22,196,2020-01-01,SA,20398.0609870951,,97.8623325,7.45,99.99,120.052537,35997107.0,53.0,-4.79246757029121,48170.0,0.47267,15.713,0.43144,32.127,4.3,47278.6930165072
Turkey,891400.47,262,2020-01-01,TR,8638.73913259299,4.00860977172852,77.6695605,13.11,100.0,97.61417509,83384680.0,40.0,0.876186370101166,27390.0,0.78005,23.895,0.30879,31.791,2.5,27975.9311886086
Argentina,865842.14,276,2020-01-01,AR,8500.83793850534,5.27964019775391,85.51438646,11.46,100.0,121.6001889,45376763.0,42.0,-10.7702732277494,20250.0,0.97005,7.889,0.40872,30.644,3.3,20797.7259531997
Italy,841849.53,287,2020-01-01,IT,31922.9191626183,4.44194984436035,70.48342785,9.16,100.0,130.3870472,59438851.0,53.0,-8.52972827622958,43680.0,-0.4871,28.961,0.73981,20.490000000000002,2.5,43150.1182435362
Czech Republic,646189.67,341,2020-01-01,CZ,22992.8793833348,4.72159004211426,81.33889705,2.55,100.0,123.4438209,10697858.0,54.0,-5.73252689432169,40690.0,0.24322,25.939,0.53688,21.682000000000002,2.5,42827.0600062247
Bulgaria,634018.56,80,2020-01-01,BG,10148.3423954435,4.50287008285522,70.16248359,5.12,99.7,113.849275,6934015.0,44.0,-3.38798766592316,24420.0,-0.60024,24.314,0.40139,21.059999999999995,2.5,25096.7049131156
India,585250.08,302,2020-01-01,IN,1913.21973278751,4.2933497428894,43.40544313,7.86,96.5,82.621059,1396387127.0,40.0,-6.72629208037435,6430.0,0.95522,65.074,0.29354,34.861999999999995,15.9,6517.76138713158
Kazakhstan,529054.86,69,2020-01-01,KZ,9121.63640904156,4.44620370864868,85.94259898,4.89,100.0,128.0024709,18755666.0,38.0,-3.75798345050126,24420.0,1.29864,42.329,0.34059,28.326999999999998,2.5,26782.1001805575
Portugal,524057.23,224,2020-01-01,PT,22242.406417972,4.87656021118164,78.26166044,6.8,100.0,115.078977,10297081.0,61.0,-8.39685500953166,34410.0,0.10511,33.69,0.6363,21.479999999999997,2.5,34955.7054882649
Belgium,488629.74,199,2020-01-01,BE,45609.0034936111,6.81232976913452,91.52641629,5.55,100.0,99.72332827,11538604.0,76.0,-5.66822354351405,55130.0,0.431,1.921,0.83412,24.342,2.5,54679.1418047701
Slovenia,473615.74,29,2020-01-01,SI,25558.4290544506,5.38651990890503,86.60130109,4.99,100.0,120.4592752,2102419.0,60.0,-4.88009190901116,40600.0,0.66975,44.882,0.62501,21.586000000000002,2.5,40892.9258535469
Estonia,460821.33,78,2020-01-01,EE,23595.2436836441,5.51992988586426,89.05828666,6.8,100.0,144.8567221,1329522.0,75.0,-0.747277944180098,39000.0,0.19756,30.771,0.59823,23.087000000000003,2.5,39441.849084436
Austria,449104.33,155,2020-01-01,AT,48789.4978498872,5.56900978088379,87.52942813,5.2,100.0,120.3155961,8916864.0,76.0,-7.01982595202976,57770.0,0.41518,41.252,0.85243,24.169000000000004,2.5,57235.5458694937
Peru,334221.76,129,2020-01-01,PE,6063.62692279047,4.24804019927979,65.25179796,7.18,96.2,118.176464,33304756.0,38.0,-12.1539382486511,11500.0,1.4514,21.703,0.51326,32.855,6.5,11813.9884362791
Belarus,326401.53,104,2020-01-01,BY,6542.8645398436,4.86263990402222,85.08791245,4.05,100.0,121.490553,9379952.0,47.0,-0.251386576093068,19460.0,-0.42348,20.517,0.32204,23.590999999999998,2.5,20317.231920485
Israel,319954.35,59,2020-01-01,IL,44846.7915954816,6.46229982376099,90.12734091,4.17,100.0,140.1086384,9215100.0,60.0,-3.57303741945609,39860.0,1.76368,7.413,1.11506,28.436999999999998,2.5,40219.2685206562
Switzerland,305832.59,168,2020-01-01,CH,85897.7843338323,5.29163980484009,94.34995199,4.82,100.0,127.4054064,8638167.0,85.0,-2.85415832226442,69200.0,0.73068,26.085,1.20965,24.07,2.5,71010.4334947203
Chile,286466.43,150,2020-01-01,CL,13173.7847941723,5.62514019012451,86.37099516,10.94,100.0,129.8851806,19300315.0,67.0,-7.41362694738201,23390.0,1.36064,12.273,0.52786,30.543,2.5,24941.2350877682
New Zealand,277958.39,79,2020-01-01,NZ,41760.5947840005,5.66732311248779,92.8650738,4.6,100.0,123.2134933,5090200.0,88.0,-2.82032250102206,44640.0,2.20479,13.301,0.91671,27.768,2.5,45554.9329391839
Romania,268225.51,112,2020-01-01,RO,13047.4566563993,3.58926010131836,78.45526895,5.03,99.9952163696289,116.1812357,19265250.0,44.0,-3.14554156129175,32830.0,-0.55076,45.806,0.39139,23.14,2.5,33442.4808441535
Latvia,261578.28,73,2020-01-01,LV,18096.2027073394,4.82104015350342,88.89796078,8.1,100.0,108.1340417,1900449.0,57.0,-2.83485280722716,33010.0,-0.70121,31.685,0.55142,21.964000000000002,2.5,32817.4401818392
Hungary,229634.88,154,2020-01-01,HU,16125.6094085407,4.15521001815796,84.77115202,4.25,100.0,105.9697831,9750149.0,44.0,-4.33001656693753,33360.0,-0.21507,28.058,0.47192,23.249000000000002,2.5,34169.9222845578
Slovakia,227374.02,94,2020-01-01,SK,19552.0911095911,4.76467990875244,89.92090413,6.72,100.0,133.5923247,5458827.0,49.0,-3.41837197782542,32510.0,0.08577,46.24,0.59388,24.157,2.5,32922.8660907157
Croatia,199075.38,63,2020-01-01,HR,14269.9088549332,4.43442010879517,78.32090004,7.51,100.0,106.805903,4047680.0,47.0,-8.19457348790272,30430.0,-0.43321,42.447,0.4795,22.735,2.5,29690.5851474465
Greece,182975.71,97,2020-01-01,GR,17617.2915057014,4.4971752166748,78.11584474,15.9,100.0,108.5687131,10698599.0,50.0,-9.1216270466723,28280.0,-0.21459,20.285,0.62143,21.049,2.5,28349.4919951984
Bosnia and Herzegovina,168711.48,25,2020-01-01,BA,6095.10423658487,,73.21175294,15.87,100.0,105.7638198,3318407.0,35.0,-1.77870388670868,15770.0,-1.26677,50.98,0.3843,24.375,2.5,15871.6069425778
Mongolia,165456.49,72,2020-01-01,MN,4041.17414564367,4.66345500946045,65.63058022,6.59,99.5021667480469,132.467372,3294335.0,35.0,-6.35124060523478,11150.0,1.89702,31.343,0.32801,30.823,6.6,12320.279332722
Ireland,159617.5,67,2020-01-01,IE,85973.0884875501,3.27185988426208,91.99989097,5.62,100.0,105.8205231,4985382.0,72.0,5.52561234818658,70720.0,1.02911,36.347,0.90928,24.973,2.5,94550.6662508762
Pakistan,149710.72,135,2020-01-01,PK,1322.31478539554,2.05718231201172,18.93481469,6.215,94.4852828979492,77.3005648,227196741.0,31.0,-2.97029464978425,5190.0,1.73303,62.835,0.25022,35.378,16.0,5284.66458428095
Lithuania,147146.92,120,2020-01-01,LT,20381.8557827478,4.51255989074707,83.05554724,8.49,100.0,130.2002612,2794885.0,60.0,-0.0513690845085932,38970.0,0.02677,31.954,0.50686,23.153,2.5,40211.837273402
Uzbekistan,144081.66,19,2020-01-01,UZ,1759.30747053678,4.94803667068481,71.09999824,5.29,100.0,99.58344787,34232050.0,26.0,0.0538222364548204,7840.0,1.92213,49.584,0.2249,33.907,2.5,7822.66195805577
"Iran, Islamic Republic of",140144.94,15,2020-01-01,IR,2746.41948317956,3.20495009422302,75.56986637,9.69,100.0,146.2076628,87290193.0,25.0,2.47089226742992,15280.0,0.83518,24.126,0.1802,31.406999999999996,6.2,15240.7729143267
South Africa,126482.49,83,2020-01-01,ZA,5753.06649433369,6.18336009979248,70.32030996,24.34,90.0,163.1909795,58801927.0,44.0,-7.10658878154325,13310.0,1.22318,32.646,0.42425,34.923,6.9,13587.2732682797
North Macedonia,117182.21,24,2020-01-01,MK,5965.45023195365,,81.40553811,16.55,100.0,88.20817101,2072531.0,35.0,-5.92229586311112,16670.0,-0.20066,41.518,0.34433,27.657000000000004,3.2,17433.6684771946
Armenia,112713.43,20,2020-01-01,AM,4505.86774175695,2.70555996894836,76.50770055,12.18,100.0,124.3508359,2805608.0,49.0,-6.70404931756727,13890.0,-0.53301,36.687,0.31943,29.537,2.5,14105.9112525331
Morocco,110019.56,44,2020-01-01,MA,3258.26904296875,6.28459882736206,84.12036305,11.726,100.0,133.893994,36688772.0,40.0,-8.16396528551064,7890.0,1.05316,36.468,0.40886,31.7,5.3,7969.43603515625
Colombia,101684.62,67,2020-01-01,CO,5304.28912886641,5.26550006866455,69.79533474,15.98,99.7217559814453,132.8719623,50930662.0,39.0,-8.60581152678888,14940.0,1.4701,18.575,0.35121,33.925,6.3,15103.0738208886
"Moldova, Republic of",98127.98,12,2020-01-01,MD,4376.24249318339,6.6012601852417,59.15294877,1.21,100.0,110.876909,2635130.0,34.0,-7.26326976771907,12940.0,-1.09803,57.151,0.34975,27.265,2.5,12512.6003653958
Kyrgyzstan,94000.68,8,2020-01-01,KG,1256.92922601263,6.09391021728516,72.0,4.63,99.865119934082,132.4695239,6579900.0,31.0,-8.89454688284506,4830.0,1.89786,63.144,0.23693,33.854,4.6,5059.00138510198
Bangladesh,73719.16,29,2020-01-01,BD,2233.30590129762,1.76528060436249,32.87,5.316,96.2,105.2911628,167420951.0,26.0,2.27110927857356,6150.0,1.14421,61.823,0.37823,36.504999999999995,11.7,5904.56736266229
Egypt,52502.26,36,2020-01-01,EG,3571.5569065135,,71.91420096,7.97,100.0,88.73336258,107465134.0,33.0,1.77096873118485,12290.0,1.73313,57.217,0.28209,33.123,6.4,12661.181204072
Georgia,48550.27,22,2020-01-01,GE,4255.74299321254,3.8498592376709,72.53157487,11.73,100.0,135.4280451,3722716.0,56.0,-6.82443263205032,14060.0,0.06866,40.547,0.28855,25.752000000000002,3.0,14748.6321080538
Azerbaijan,45031.05,34,2020-01-01,AZ,4229.91064904503,4.33204984664917,84.59999573,7.24,100.0,100.577047,10093121.0,30.0,-4.95270173869491,14400.0,0.68437,43.603,0.29181,31.231,2.5,14495.6569721312
Algeria,44809.21,26,2020-01-01,DZ,3354.15316371593,7.04239749908447,63.94999611,14.036,99.7187728881836,104.842178,43451666.0,36.0,-6.72994164824063,11220.0,1.73246,26.267,0.29288,30.006999999999998,2.5,11452.2266239549
Iraq,37529.24,22,2020-01-01,IQ,4251.33725272808,,45.7863696,15.746,100.0,88.05916556,42556984.0,21.0,-14.0902346467683,9230.0,2.36211,29.107,0.45499,34.85,16.4,9343.7344106979
Tunisia,36350.6,29,2020-01-01,TN,3497.71902658991,,72.80748713,18.629,99.9,122.1279008,12161723.0,44.0,-9.66070800148323,10250.0,0.92858,30.432,0.3299,29.299,2.8,10602.5090070542
United Arab Emirates,36326.55,34,2020-01-01,AE,37629.1741687956,3.98417997360229,100.0,4.29,100.0,197.8438703,9287289.0,71.0,-5.73104452508203,71070.0,0.81769,12.952,0.52659,41.774,2.7,71458.6385200044
Dominican Republic,35440.68,29,2020-01-01,DO,7167.91497432809,4.51769828796387,82.19830578,6.13,100.0,81.72601454,10999664.0,28.0,-7.71905867915002,16850.0,1.07655,17.46,0.40479,33.684,6.3,17707.6878853385
Bolivia,31853.07,7,2020-01-01,BO,3068.81255516456,8.43710994720459,59.94010155,7.9,97.2218170166016,98.89563329,11936162.0,31.0,-9.95240484455535,8020.0,1.33974,29.877,0.37839,35.825,16.2,8110.11475624002
Albania,30837.01,15,2020-01-01,AL,5343.0377039956,3.3422999382019,72.23767711,12.833,100.0,91.35050062,2837849.0,36.0,-2.74523867757104,13830.0,-0.57421,37.888,0.37991,29.878,4.1,14078.4271096882
Uruguay,30679.84,17,2020-01-01,UY,15650.4993032445,4.54306983947754,86.31019103,10.33,100.0,132.7256301,3429086.0,71.0,-6.28148319774319,22030.0,0.01974,4.485,0.67141,28.909000000000002,2.5,23309.7865230202
Costa Rica,29086.57,8,2020-01-01,CR,12179.2566735195,6.62898015975952,80.53018608,16.43,99.9,146.6370492,5123105.0,57.0,-4.99410158295288,20430.0,0.75577,19.229,0.56142,31.729999999999997,3.1,21693.6728160587
Iceland,27260.0,29,2020-01-01,IS,58848.41812446,8.61443996429443,99.5327519,5.48,100.0,114.9221778,366463.0,75.0,-8.70948452763972,53100.0,1.62309,6.102,1.08305,28.994,2.5,54335.8705317404
Kuwait,25379.77,14,2020-01-01,KW,24297.7108020951,,99.10587017,3.454,100.0,155.2673535,4360444.0,42.0,-7.1693568493853,53240.0,-1.83282,0.0,0.52385,21.775,2.5,46382.8997432743
Lao People's Democratic Republic,21935.28,8,2020-01-01,LA,2593.35509719847,1.91597270965576,54.0,3.862,99.3113632202148,63.34796067,7319399.0,29.0,-0.970941437736954,7710.0,1.47746,63.71,0.31631,36.995,5.2,8198.83647346487
Guatemala,19692.5,9,2020-01-01,GT,4609.89725752869,3.29503011703491,47.51234167,2.88,96.6474685668945,117.4393951,16858333.0,25.0,-3.27332196778804,8700.0,1.51999,48.164,0.52036,37.817,13.5,8859.0117398945
Ecuador,17473.71,11,2020-01-01,EC,5645.19928965332,4.11401987075806,70.7,6.13,98.85,88.04208636,17588595.0,39.0,-9.07131766962168,10650.0,1.4019,35.834,0.51615,34.59,14.1,10937.1067659167
Nicaragua,15240.86,5,2020-01-01,NI,1876.60737823677,4.58156108856201,53.4046527,6.276,86.003303527832,88.25160841,6755895.0,22.0,-3.10355801687588,5160.0,1.3707,40.988,0.33975,36.521,17.9,5523.55791393006
Luxembourg,12552.42,8,2020-01-01,LU,116905.370396853,3.83822989463806,98.45962893,6.77,100.0,132.9505076,630419.0,80.0,-2.54734610654114,82880.0,1.66636,8.547,0.978,26.899,2.5,119534.620915988
Malta,7898.62,21,2020-01-01,MT,29597.6361628521,5.76572179794312,86.85876183,4.35,100.0,122.8511054,515332.0,53.0,-10.0882521588953,40600.0,2.21121,5.256,0.64989,28.599,3.7,45322.1679695968
Cambodia,4500.0,10,2020-01-01,KH,1577.91173991645,3.0023500919342,53.65076745,0.17,86.4,128.6026166,16396860.0,21.0,-4.21365375538406,4330.0,1.16006,75.768,0.34943,33.980999999999995,4.6,4515.70950573743
Paraguay,3971.15,4,2020-01-01,PY,5353.34806456279,3.93615007400513,73.95751114,7.55,99.7,118.8308269,6618695.0,28.0,-2.14847789745059,13590.0,1.34873,37.817,0.38066,35.539,3.5,14063.2737005537
Panama,3528.0,5,2020-01-01,PA,13293.3331951688,3.62220096588135,65.54188027,14.183,95.3360137939453,142.2454753,4294396.0,35.0,-18.8543822302115,27140.0,1.45105,31.586,0.47313,31.482999999999997,4.9,28096.6122983929
Sri Lanka,3500.0,4,2020-01-01,LK,3852.38909102194,1.5554107427597,36.18473435,5.36,99.9740982055664,136.9116134,21919000.0,38.0,-5.12926312074451,13300.0,0.53063,81.287,0.28193,28.761000000000003,5.7,13664.2266549465
Trinidad and Tobago,1698.26,1,2020-01-01,TT,13705.900228571,4.20677995681763,78.67115844,4.21,100.0,130.9488475,1518147.0,40.0,-8.96961471534635,23460.0,-0.11902,46.786,0.56158,28.614999999999995,13.4,24703.3215074715
China,50676418.01,1944,2021-01-01,CN,12617.5051041181,3.29784345626831,73.0532414,4.55,100.0,121.5382526,1412360000.0,45.0,8.35171995335094,19310.0,0.08925,37.488,0.64757,26.393,2.5,19484.4861576535
United States,32008254.94,5125,2021-01-01,US,70219.472454115,,91.75320833,5.35,100.0,107.319451,332031554.0,67.0,5.77954841835778,71130.0,0.15675,17.127,1.0,26.821,2.5,70219.472454115
Russian Federation,23001704.0,1113,2021-01-01,RU,12532.05078125,,88.21384578,4.72,100.0,168.9847242,144130482.0,29.0,5.53089332241036,33250.0,-0.43395,25.066,0.36992,24.094,2.5,33878.11328125
"Korea, Republic of",13416958.9,1127,2021-01-01,KR,35142.264267481,,97.57132662,3.64,100.0,140.5658819,51744876.0,62.0,4.48889978812433,47400.0,-0.17641,18.586,0.74661,24.293,2.5,47068.5364026964
Brazil,10516819.85,1436,2021-01-01,BR,7696.78483012849,,80.68989314,13.16,99.4621200561523,102.48887,214326223.0,38.0,4.43535281911002,15830.0,0.52859,12.683,0.47335,31.394,4.7,16260.0987486322
Ukraine,10468302.66,348,2021-01-01,UA,4827.845703125,5.74071836471558,79.21829353,9.83,100.0,135.025689,43822901.0,32.0,4.36448461386128,13950.0,-0.77156,30.243,0.33787,23.415,4.8,14289.0400390625
Japan,10166562.5,1041,2021-01-01,JP,40058.5373276179,3.31738376617432,82.91407928,2.83,100.0,160.8817412,125681593.0,73.0,3.0321308280439,44910.0,-0.45995,8.133,0.9298,19.366,3.2,42833.8513340851
United Kingdom,6773226.37,1024,2021-01-01,GB,46869.759058411,5.32736825942993,96.68023657,4.826,100.0,118.5668355,67026292.0,78.0,8.76398582256878,49980.0,-0.08193,15.848,0.93067,24.936,2.5,50361.2737562531
France,6047085.29,1175,2021-01-01,FR,43671.3084099631,5.2450270652771,86.09548575,7.86,100.0,116.6934991,67764304.0,71.0,6.13176131597774,52880.0,0.26385,18.758,0.85,23.080000000000002,2.5,51378.225657086
Denmark,5643106.5,381,2021-01-01,DK,69268.6517983134,6.03974866867065,98.8658506,5.04,100.0,125.7822877,5856733.0,88.0,6.38244434165682,67130.0,0.43341,11.76,1.04815,25.544999999999998,2.5,66086.8794551088
Canada,5336272.13,766,2021-01-01,CA,52515.1998350503,4.59400606155396,92.83401664,7.53,100.0,88.09065504,38226498.0,74.0,4.68285240759747,52720.0,0.57542,18.347,0.98746,25.75,2.5,53023.4205562458
Thailand,5181782.53,868,2021-01-01,TH,7060.89770696418,2.98618507385254,85.26956666,1.21,100.0,168.7823161,71601103.0,35.0,1.31428977715066,18180.0,0.17535,47.837,0.37448,26.526000000000003,5.2,18855.0232726769
Germany,4985950.79,1153,2021-01-01,DE,51426.7503654421,4.53096389770508,91.43060973,3.64,100.0,127.5648538,83196078.0,80.0,3.12016297281919,60880.0,0.04233,22.456,0.87082,22.637999999999998,2.5,59055.2414596188
Indonesia,3901129.28,762,2021-01-01,ID,4334.2159826606,3.04757928848267,62.10447842,3.83,99.21,133.6505363,273753191.0,38.0,2.98510862701504,12730.0,0.69472,42.71,0.3312,31.371000000000002,5.9,13086.3924176102
Malaysia,3728215.1,483,2021-01-01,MY,11134.6229528189,4.27081727981567,96.7514278,4.083,100.0,140.5905675,33573874.0,48.0,2.14731128116709,28280.0,1.11985,22.304,0.38232,34.489000000000004,2.7,29139.3704951624
Sweden,3667707.31,456,2021-01-01,SE,61417.6808766469,6.67996120452881,94.6703163,8.72,100.0,124.3473047,10415811.0,85.0,5.51142519349814,62380.0,0.60059,11.762,1.0169,25.262999999999998,2.5,60396.7137009498
Poland,3572974.0,610,2021-01-01,PL,18050.2794441161,4.9414005279541,85.37490906,3.36,100.0,132.058828,37747124.0,56.0,7.3654328477301,36340.0,-0.40173,39.925,0.47201,23.188,2.5,38241.7118655376
Philippines,3449444.75,564,2021-01-01,PH,3460.53938169242,3.88108062744141,52.67573808,3.4,97.4899749755859,143.4358742,113880328.0,33.0,4.14651416960376,9250.0,1.49456,52.316,0.38738,34.473,5.2,8933.13376641384
Australia,3176722.52,703,2021-01-01,AU,60697.2454358579,5.55604839324951,96.24,5.12,100.0,104.5172138,25685412.0,73.0,1.96806164574946,55330.0,0.12773,13.638,1.08039,27.279000000000003,2.5,56180.9847517007
Saudi Arabia,2975944.13,324,2021-01-01,SA,24315.6185511873,,100.0,6.62,100.0,126.3611144,35950396.0,53.0,4.46165747131344,52310.0,-0.12985,15.492,0.46999,30.868000000000002,3.8,51607.0113635651
Viet Nam,2863920.42,769,2021-01-01,VN,3756.48890080884,2.94788694381714,74.20999985,2.38,100.0,138.8654955,97468029.0,39.0,1.69940240052158,11130.0,0.84418,61.948,0.32031,30.699,5.0,11727.7962241758
Finland,2761573.62,365,2021-01-01,FI,53504.6936483441,5.69380855560303,92.80806082,7.61,100.0,129.1548109,5541017.0,88.0,2.62522857501395,55560.0,0.20729,14.404,0.97776,23.758000000000003,2.5,54778.2690061036
Turkey,2379784.41,503,2021-01-01,TR,9743.21313092428,2.84528303146362,81.40843745,11.98,100.0,101.785223,84147318.0,38.0,10.4293952224225,30060.0,0.75777,23.431,0.31726,31.412999999999997,2.5,30710.5154601168
Spain,1959705.98,482,2021-01-01,ES,30488.8209528797,4.58532047271729,93.89752157,14.78,100.0,119.623109,47415794.0,61.0,6.29065944452751,40880.0,0.10571,18.944,0.74034,21.399,2.5,41182.4596210559
Argentina,1691660.54,378,2021-01-01,AR,10650.8604604345,4.6476001739502,87.15070683,8.74,100.0,130.4550081,45808747.0,38.0,9.67392093465429,23280.0,0.94749,7.771,0.44775,30.578,3.2,23834.4731183679
Mexico,1609440.79,360,2021-01-01,MX,10359.1498625832,,75.62650476,4.09,100.0,99.81384101,126705138.0,31.0,5.24740367881364,19060.0,0.55942,18.984,0.5131,32.677,2.5,20189.3439815945
Netherlands,1438658.42,453,2021-01-01,NL,58727.8705471475,5.13583135604858,92.05298013,4.21,100.0,125.0621654,17533044.0,82.0,5.63740532928256,61950.0,0.52349,7.428,0.91067,25.182,2.5,64488.8206943838
Peru,1407721.21,177,2021-01-01,PE,6635.46414809173,3.97350001335144,71.10782643,5.1,95.6,127.8361756,33715471.0,36.0,12.0359010397389,12750.0,1.22566,21.5,0.47977,32.831999999999994,7.0,13830.5702579441
Norway,1287568.69,248,2021-01-01,NO,93072.8925119571,5.04169225692749,99.0000036,4.37,100.0,109.6884687,5408320.0,85.0,3.35449507409562,83750.0,0.53477,16.677,1.10735,25.928,2.5,81866.7951850507
Italy,1098111.19,321,2021-01-01,IT,36449.2583375837,4.13088607788086,74.8623274,9.5,100.0,131.86107,59133173.0,56.0,8.87366826725133,47590.0,-0.55536,28.654,0.76587,20.442,2.5,47591.8619565291
Czech Republic,1018304.77,353,2021-01-01,CZ,26822.5141862111,5.05326414108276,82.67062427,2.8,100.0,126.4124254,10505772.0,54.0,5.4463696180117,43760.0,-1.81187,25.786,0.58783,21.385,2.5,45630.0378065012
Kazakhstan,1006701.59,82,2021-01-01,KZ,10373.7897924367,4.38569402694702,90.9239507,5.572,100.0,127.4765953,19000988.0,37.0,2.95338135834081,25280.0,1.29951,42.179,0.36005,27.833,2.5,28811.8788302874
Estonia,876235.59,97,2021-01-01,EE,27943.701219882,5.91065263748169,90.97970174,6.18,100.0,149.0807939,1330932.0,74.0,7.89903259794904,42720.0,0.106,30.585,0.64273,22.812,2.5,43476.8542259429
India,852136.3,397,2021-01-01,IN,2238.12714218765,4.63514137268066,46.31,6.38,99.5725250244141,81.98893361,1407563842.0,40.0,8.18436771657305,7220.0,0.79722,64.607,0.30376,34.769999999999996,16.6,7367.9946647152
Bulgaria,781688.12,93,2021-01-01,BG,12219.3418706779,4.49264764785767,75.27144583,5.27,99.8,114.7677533,6877743.0,42.0,8.54260999187817,27380.0,-0.81485,23.975,0.43475,20.765,2.5,27975.1743033861
Slovenia,669759.28,26,2021-01-01,SI,29331.0647010043,5.6695818901062,89.00399524,4.74,100.0,123.0185759,2108079.0,57.0,7.9379162267506,43350.0,0.26885,44.573,0.6661,21.333,2.5,44033.7637269962
Pakistan,635320.25,96,2021-01-01,PK,1506.10829305917,1.6874612569809,21.0372074,6.34,94.9228591918945,81.55130785,231402117.0,28.0,4.57816043050141,5700.0,1.83406,62.56,0.26068,35.478,18.5,5774.90388782666
Mongolia,632934.0,98,2021-01-01,MN,4566.14013029182,3.34389615058899,81.60682285,7.75,100.0,140.012223,3347782.0,35.0,0.0141488620388373,11000.0,1.60937,31.215,0.35463,30.003,8.0,12875.6253827585
Belarus,610092.64,79,2021-01-01,BY,7489.71894713888,4.60641002655029,86.88841196,3.9,100.0,122.7801287,9302585.0,41.0,3.29082150587152,21130.0,-0.82823,20.09,0.34155,23.03,2.5,21928.6857574651
Chile,605316.19,203,2021-01-01,CL,16240.6077759729,,90.19336882,9.28,100.0,136.3134058,19493184.0,67.0,10.6318812190913,26680.0,0.99434,12.183,0.57336,30.198999999999998,2.5,28337.0732114489
Portugal,562918.16,207,2021-01-01,PT,24661.1664874576,4.71190643310547,82.30902804,6.58,100.0,120.9425503,10361831.0,62.0,5.07669501382099,36150.0,0.27219,33.151,0.67139,21.532,2.5,36731.3976432061
Israel,509514.99,47,2021-01-01,IL,52129.5159612108,7.41640901565552,90.29689758,4.81,100.0,140.4485071,9371400.0,59.0,6.80051563909181,43400.0,1.61039,7.326,1.18387,28.371000000000002,2.5,44033.0602292499
Belgium,503075.74,180,2021-01-01,BE,51850.3971840229,6.23423337936401,92.78867618,6.26,100.0,101.1083743,11586195.0,73.0,6.41209866546886,59360.0,0.4699,1.883,0.87131,24.353,2.5,59508.6738695093
Switzerland,483473.04,155,2021-01-01,CH,93446.4344518943,5.04434299468994,95.56937168,5.1,100.0,123.4337574,8704546.0,84.0,4.5881921178937,74270.0,0.75239,26.004,1.21074,23.764999999999997,2.5,77181.3753481651
Austria,437362.11,106,2021-01-01,AT,53517.8904509612,4.98649978637695,92.52915104,6.46,100.0,121.9694798,8955797.0,74.0,3.78471969654039,60230.0,0.43567,41.005,0.89452,23.865,2.5,59828.8828123844
"Moldova, Republic of",429854.54,16,2021-01-01,MD,5274.74484719747,5.82405996322632,61.28776161,0.79,100.0,127.3941322,2595809.0,36.0,15.6557976122015,15300.0,-0.75923,57.002,0.34882,26.594,2.5,15121.7243285411
Croatia,403828.01,58,2021-01-01,HR,17809.0323901126,5.20366954803467,81.25396608,7.61,100.0,108.4252864,3879000.0,47.0,18.7329344735928,35030.0,-4.25665,42.122,0.51114,22.499,2.5,35155.6271823045
Egypt,363977.73,55,2021-01-01,EG,3886.7224983901,,72.06,7.44,100.0,94.68027811,109262178.0,33.0,1.59181628823583,13050.0,1.65838,57.138,0.28918,32.851,7.2,13440.6194116398
North Macedonia,357512.59,29,2021-01-01,MK,6778.56287821774,,83.01821027,15.78,100.0,92.29897353,2065092.0,39.0,5.88607665049111,17530.0,-0.35958,41.214,0.36494,27.252000000000002,3.6,18934.0229840382
Romania,329353.64,138,2021-01-01,RO,14946.624968678,3.2530517578125,83.5904265,5.59,100.0,118.6275646,19122059.0,45.0,6.50047052344212,35550.0,-0.75743,45.671,0.41147,22.895,2.5,36122.7617869179
Bosnia and Herzegovina,322900.92,21,2021-01-01,BA,7230.19883771887,,75.67620138,14.9,100.0,113.9969422,3270943.0,35.0,8.94999142884024,17450.0,-1.44065,50.575,0.40835,23.924999999999997,2.5,17484.9027690438
Iraq,292451.84,37,2021-01-01,IQ,4770.83534274738,,48.91718718,16.17,100.0,93.60441472,43533592.0,23.0,-0.695471073998888,9600.0,2.26889,28.881,0.49206,34.933,16.3,9695.62646494157
Slovakia,289526.42,105,2021-01-01,SK,21768.1486708026,4.39646053314209,88.92560523,6.89,100.0,135.1475011,5447247.0,52.0,5.01191188863453,33490.0,-0.21236,46.18,0.63086,23.633000000000003,2.8,34505.3480761009
Latvia,270005.1,95,2021-01-01,LV,20930.3982374189,5.70073890686035,91.17964988,7.51,100.0,115.358508,1884490.0,59.0,7.63560410392657,34480.0,-0.84329,31.579,0.60197,21.604999999999997,2.5,34769.6384513289
Colombia,267671.79,82,2021-01-01,CO,6182.70709867964,,73.02837449,13.9,99.9991073608398,145.6931676,51516562.0,39.0,9.75360148852955,16810.0,1.14382,18.26,0.36146,33.7,6.6,17105.0024667059
South Africa,255888.4,194,2021-01-01,ZA,7073.61275411821,6.56205987930298,72.310492,28.77,89.3,168.9243909,59392255.0,44.0,3.66236830303251,14410.0,0.99892,32.153,0.48029,34.376,7.9,14717.6940686903
Hungary,250970.53,164,2021-01-01,HU,18753.0469453539,5.00158405303955,88.64083466,4.05,100.0,106.9277943,9709891.0,43.0,7.52970697818883,35650.0,-0.41375,27.755,0.51048,23.161,2.5,36735.9098953631
Uruguay,250764.54,46,2021-01-01,UY,17923.9953327961,4.41334009170532,90.07384089,9.29,100.0,136.9212202,3426260.0,73.0,5.36339161084788,23110.0,-0.08245,4.397,0.69843,28.945,2.5,25663.4106069348
Azerbaijan,227770.32,16,2021-01-01,AZ,5408.04535175023,3.7020800113678,86.0,6.04,100.0,104.8878056,10137750.0,30.0,5.15150006870661,15600.0,0.4412,43.224,0.33955,30.78,2.5,15927.2101484962
New Zealand,222236.84,79,2021-01-01,NZ,49996.4206725811,5.54056978225708,95.91020269,3.78,100.0,113.9631575,5111400.0,88.0,4.73165407278768,47140.0,0.41562,13.211,1.03205,27.722,2.5,48443.8730095024
Morocco,213521.01,51,2021-01-01,MA,3767.52490234375,5.60131072998047,88.13031937,11.219,100.0,137.4592738,37076584.0,39.0,6.88073133381511,8770.0,1.05148,35.935,0.42683,31.362000000000002,6.3,8900.478515625
Bolivia,208571.0,20,2021-01-01,BO,3345.02300226194,,65.9773785,5.09,98.5562286376953,99.62307127,12079472.0,30.0,4.85247491637355,8660.0,1.19349,29.525,0.37649,35.829,19.4,8885.70763881863
Kuwait,193478.98,25,2021-01-01,KW,32324.8409043988,,99.7,2.943,100.0,162.7763396,4250114.0,43.0,3.77267730996793,57430.0,-2.56281,0.0,0.63894,19.451,2.5,50295.2825400107
Lithuania,186474.14,87,2021-01-01,LT,23849.6156993566,4.84267044067383,86.93054425,7.11,100.0,133.7323188,2800839.0,61.0,6.05877089552746,42130.0,0.21281,31.751,0.54142,22.724,2.5,44049.9690643002
Uzbekistan,179835.93,8,2021-01-01,UZ,1993.42447787206,5.36828899383545,76.59043014,5.419,99.9,102.8976203,34915100.0,28.0,5.30221790037371,8650.0,1.97571,49.573,0.23159,33.138999999999996,2.5,8607.52745000764
Ireland,172540.21,56,2021-01-01,IE,102001.798249145,2.98458051681519,95.16956667,6.19,100.0,107.7677124,5033164.0,74.0,14.0322863534396,80870.0,0.9539,36.088,0.93996,24.900000000000002,2.5,108516.987583158
Greece,166273.28,96,2021-01-01,GR,20310.6824798873,4.05622720718384,78.49426371,14.66,100.0,110.0393141,10569207.0,49.0,9.70676969266229,31160.0,-0.53776,19.962,0.64524,20.945,2.5,31477.812084447
Armenia,164782.23,10,2021-01-01,AM,4972.78320361917,2.77133989334106,78.61225758,10.01,100.0,128.961359,2790974.0,49.0,6.35474440105854,15200.0,-0.52296,36.569,0.31712,28.869,2.5,15676.3282908496
Cambodia,108008.04,83,2021-01-01,KH,1625.23502147979,1.67057394981384,60.1524023,0.4,82.5017166137695,119.9575768,16589023.0,23.0,1.8329580171935,4560.0,1.16514,75.332,0.33823,33.55,4.8,4805.08074295063
Bangladesh,106636.47,46,2021-01-01,BD,2457.92403936141,1.83117997646332,38.91744466,5.246,98.9910278320313,108.9094426,169356251.0,26.0,5.71664908722495,6870.0,1.14932,61.054,0.37683,36.406,11.2,6522.55582642865
Algeria,99320.94,30,2021-01-01,DZ,3700.31469728198,6.29934740066528,70.77,13.729,99.7878265380859,106.4235366,44177969.0,33.0,1.70006376681854,11950.0,1.6577,25.739,0.30405,29.349999999999998,2.5,12170.1937766883
"Iran, Islamic Republic of",97312.64,40,2021-01-01,IR,4084.20030479458,,78.5957366,9.28,100.0,154.5542763,87923432.0,25.0,3.96556869056239,16610.0,0.72282,23.655,0.24667,30.367,6.1,16557.0461822083
Ecuador,84283.55,24,2021-01-01,EC,5965.13287054416,3.6913800239563,76.20289766,4.55,100.0,94.33558884,17797737.0,36.0,3.01037816290692,11590.0,1.18206,35.639,0.5067,34.483,13.9,11772.5289641273
Georgia,78585.9,26,2021-01-01,GE,5023.27438368985,3.63758993148804,76.44271451,11.851,100.0,147.7548843,3708610.0,55.0,10.8857018598595,16020.0,-0.37964,40.128,0.29395,25.39,2.9,17088.8810512761
Dominican Republic,76790.41,23,2021-01-01,DO,8476.74963892506,3.74731349945068,85.24298638,7.7,98.1,87.56486177,11117873.0,30.0,11.0782763208364,19530.0,1.06893,16.787,0.41243,33.492999999999995,6.3,20553.0995072967
United Arab Emirates,58954.47,34,2021-01-01,AE,44332.3400513163,3.89549994468689,100.0,3.11,100.0,194.7336208,9365145.0,69.0,3.48721466545079,76810.0,0.83481,12.701,0.57591,38.774,2.5,77272.9994194784
Kyrgyzstan,58225.77,10,2021-01-01,KG,1365.50830399287,6.53140163421631,77.92035931,4.1,99.6737289428711,130.3819712,6773400.0,27.0,2.49292223906814,5060.0,1.68633,62.854,0.23992,33.348,4.8,5418.07495060655
Tunisia,38940.43,17,2021-01-01,TN,3807.18410896841,,78.98965145,18.524,99.9,127.5767095,12262946.0,44.0,3.54367305653356,11170.0,0.82886,30.112,0.33188,28.744,3.0,11471.4562041082
Albania,33311.06,26,2021-01-01,AL,6377.20309553753,3.09042119979858,79.32371752,12.59,100.0,92.31992041,2811666.0,35.0,9.92271370805365,15320.0,-0.92692,37.031,0.41057,29.514000000000003,4.1,15471.0561731136
Nicaragua,31743.74,5,2021-01-01,NI,2064.92924633583,4.08665704727173,57.14684935,6.273,86.2914733886719,97.10898703,6850540.0,20.0,8.82237807568428,5880.0,1.3912,40.723,0.32876,36.288,17.8,6280.92284563394
Lao People's Democratic Republic,30849.87,15,2021-01-01,LA,2535.62343413571,1.85949182510376,62.0,4.15,100.0,64.95535792,7425057.0,30.0,1.06938031810783,8170.0,1.43321,63.061,0.29284,36.789,4.7,8658.80903945646
Guatemala,28912.05,10,2021-01-01,GT,5029.47755484093,3.10634994506836,50.84164945,2.17,97.8656539916992,125.6487512,17109746.0,25.0,6.41540555186262,9610.0,1.48032,47.755,0.51056,37.876,13.3,9850.90466668914
Costa Rica,22527.83,16,2021-01-01,CR,12604.0488374731,6.28171014785767,82.74901607,15.14,100.0,152.0081561,5153957.0,58.0,7.28965011671905,21150.0,0.60041,18.575,0.55368,31.3,3.0,22764.1279712431
Luxembourg,18462.07,11,2021-01-01,LU,133711.794435985,4.63915252685547,98.66086333,5.25,100.0,137.0751156,640064.0,81.0,5.55350216888992,91810.0,1.51835,8.328,1.01581,26.703000000000003,2.5,131630.774358308
Iceland,17429.26,19,2021-01-01,IS,68710.2442005473,7.73067569732666,99.68701957,6.03,100.0,118.0741761,372520.0,74.0,2.80848839905698,55520.0,1.63932,6.056,1.17869,28.787,2.5,58293.9781465503
Paraguay,12918.67,11,2021-01-01,PY,5959.44179393627,3.41070008277893,77.01838621,7.31,100.0,118.9635011,6703799.0,30.0,2.69625613799829,14580.0,1.27762,37.504,0.39489,35.234,4.2,15091.3251039017
Malta,10863.92,47,2021-01-01,MT,34881.2912726609,5.62880754470825,87.46977522,3.39,100.0,123.3832876,518536.0,54.0,11.6040849932786,46310.0,0.61981,5.19,0.68471,28.377000000000002,4.6,50788.5413723628
Sri Lanka,10059.07,9,2021-01-01,LK,3996.57199501251,1.50754845142365,44.45308724,5.306,100.0,141.2920218,22156000.0,37.0,2.40496705325673,14290.0,1.07545,81.14,0.27318,28.739,5.3,14621.516338857
Panama,4740.0,4,2021-01-01,PA,15491.2898013383,3.26910948753357,67.509728,10.451,95.251082548876,147.7006123,4351267.0,36.0,14.3217931852755,31160.0,1.31562,31.225,0.46155,31.318,5.3,33563.660625424
Trinidad and Tobago,1712.05,3,2021-01-01,TT,16056.3020409273,3.00878000259399,79.0,4.45,100.0,130.8832291,1525663.0,41.0,-1.52497422917838,25330.0,0.49386,46.735,0.63069,27.990000000000002,12.2,25419.5459165309
