country,total_earnings,total_players,year,iso,code,pbicap,gastoedu,internet,exp_tech,imp_tech,desempleo,elect_acc,movil,urb,poblacion,innovacion,age_work,new_business,CPI,age_game
China,19362209.9,1445,2017-01-01,CN,156,8817.04560829162,3.66745042800903,54.3,60.8835235723781,22.8329196880903,4.47,100.0,104.2265872,57.96,1396215000.0,2.11602997779846,986411437.0,8.57801803149901,41.0,28.360999999999997
United States,15563431.19,3456,2017-01-01,US,840,59907.754260885,5.12287998199463,87.27488917,48.2347490605667,43.7445502172707,4.36,100.0,103.1297891,82.058,325122128.0,2.90432000160217,214183259.0,,75.0,27.099
"Korea, Republic of",12243368.2,978,2017-01-01,KR,0,31600.7358741365,4.32823991775513,95.06942188,53.7278723942685,48.5441577279781,3.65,100.0,123.581176,81.503,51361911.0,4.29205989837646,37533636.0,,54.0,26.067999999999998
Denmark,5039639.52,386,2017-01-01,DK,208,57610.0981801135,7.11585998535156,97.09936216,34.66869237513,37.7959282892149,5.83,100.0,124.4641018,87.757,5764980.0,2.93124008178711,3693665.0,9.87293496566438,88.0,25.0
Germany,4944317.65,796,2017-01-01,DE,276,44652.5891722719,4.87182998657227,84.3941537,57.2249831173082,49.7530437847189,3.75,100.0,132.7695384,77.261,82657002.0,3.04710006713867,53973322.0,1.33275705077594,81.0,23.348
Sweden,4821342.85,633,2017-01-01,SE,752,53791.5087298403,7.56883001327515,93.00626697,66.3101868291461,58.2467009386586,6.72,100.0,124.4688458,87.146,10057698.0,3.36279010772705,6293336.0,7.72066594660346,84.0,25.304
Finland,4011913.4,371,2017-01-01,FI,246,46412.1364777169,6.36311006546021,87.46892907,71.7717093216964,57.0677224798672,8.64,100.0,129.9894338,85.325,5508214.0,2.72786998748779,3451227.0,4.02442788200824,85.0,24.223
France,3878073.76,826,2017-01-01,FR,250,38781.0494870836,5.45160007476807,80.50245972,54.3272771954325,55.606085215001,9.41,100.0,107.5983841,80.18,66918020.0,2.1988799571991,41566422.0,4.75293967441935,70.0,23.431
Russian Federation,3708151.04,663,2017-01-01,RU,643,10720.33203125,4.68990993499756,76.00813853,47.5596088311388,44.8616579663097,5.21,100.0,156.187408,74.292,144496739.0,1.10967004299164,98705692.0,3.96620334897598,29.0,26.441
Brazil,3404463.0,758,2017-01-01,BR,076,9896.71889500528,6.32047986984253,67.47128452,64.6838620508214,54.1020114913052,12.93,99.8,106.1217992,86.309,208504960.0,1.11749994754791,145586706.0,1.62407631781024,37.0,33.051
Canada,2986896.2,582,2017-01-01,CA,124,45129.4292980922,4.95996999740601,92.70137191,49.1421913129876,38.1511866939268,6.34,100.0,86.70104032,81.35,36545236.0,1.68701994419098,24502656.0,0.204167601264153,82.0,26.076
United Kingdom,2913233.15,678,2017-01-01,GB,826,40572.1214823783,5.43125009536743,90.42455049,50.6190158354346,46.5576359370557,4.33,100.0,119.7294099,83.143,66058859.0,2.3231999874115,42264767.0,14.9437734667049,82.0,25.569
Ukraine,2817240.92,171,2017-01-01,UA,804,2638.32543945313,5.41707992553711,58.88947945,48.4308081162676,25.6379465625938,9.5,100.0,131.3565115,69.246,44831135.0,0.448790013790131,30583925.0,1.67906369530368,30.0,26.011000000000003
Jordan,2735011.78,20,2017-01-01,JO,400,4073.11640314668,3.21305990219116,64.5,12.2406639004149,6.41294838145232,18.12,100.0,94.98702055,90.747,10215381.0,,6373840.0,0.695941900269775,48.0,35.862
Bulgaria,2638139.17,96,2017-01-01,BG,100,8381.88134621669,4.07527017593384,63.41010138,27.7910696438076,25.032248222322,6.16,98.0648651123047,118.8025553,74.669,7075947.0,0.739950001239777,4577516.0,1.96769979993671,43.0,22.271
Australia,2583868.04,602,2017-01-01,AU,036,53954.553494614,5.13822984695435,86.54504885,21.1452715612542,27.4013468525123,5.59,100.0,108.4165835,85.904,24592588.0,1.87977004051208,16164960.0,15.4478731355018,77.0,27.973
Lebanon,2450968.76,23,2017-01-01,LB,422,8679.89742212366,2.13748621940613,78.18077489,26.1237952327599,24.7124524943111,10.211,99.8519134521484,72.00693309,88.429,6109252.0,,4008793.0,,28.0,31.591
Poland,2397861.8,609,2017-01-01,PL,616,13815.4999463758,4.57464981079102,75.98536595,49.8234493687238,51.6488768519994,4.89,100.0,130.9503547,60.105,37974826.0,1.03785002231598,25909730.0,1.50234709149303,60.0,26.064
Philippines,2285223.39,169,2017-01-01,PH,608,3077.43441889625,3.97115445137024,41.6,71.8775356399066,27.789300702064,2.55,93.0,112.3979818,46.682,106738501.0,,67521710.0,0.364493427247118,34.0,34.593999999999994
Malaysia,1125729.13,173,2017-01-01,MY,458,9979.70447282371,4.18488502502441,80.14047901,36.1540926119023,40.9984136399749,3.41,99.9786987304688,132.4079212,75.447,31975806.0,,22181826.0,2.41903152910473,47.0,36.377
Netherlands,1041501.96,263,2017-01-01,NL,528,48675.2223350213,5.17509984970093,93.19727891,67.7656274514988,68.4722833201732,4.84,100.0,119.3221581,91.077,17131296.0,2.17857003211975,11176625.0,2.87845945490811,82.0,24.944
Japan,908844.45,245,2017-01-01,JP,392,38834.0529341227,3.13057994842529,91.72654724,56.6829095542989,62.5629846128049,2.82,100.0,136.4176676,91.535,126972000.0,3.16635990142822,75084846.0,0.360019955886987,73.0,19.932000000000002
Viet Nam,883883.63,341,2017-01-01,VN,0,2992.07153198845,3.41865658760071,58.14,,,1.87,100.0,127.6319162,35.213,94033048.0,0.418949991464615,65217933.0,1.54990678047567,35.0,32.775999999999996
Thailand,839933.53,321,2017-01-01,TH,764,6436.78965986703,3.46532154083252,52.89192934,15.3324377795067,35.4265421205087,0.83,99.9,171.4147843,49.2,70898202.0,1.00165998935699,50431858.0,1.12663871655752,37.0,28.075000000000003
Norway,746631.21,170,2017-01-01,NO,578,76131.8384032764,7.84598016738892,96.3576013,33.2245098434303,41.4697861064015,4.16,100.0,108.380522,81.871,5276968.0,2.08167004585266,3452963.0,8.64836149861725,85.0,26.392
Spain,654886.78,336,2017-01-01,ES,724,28185.3213671969,4.20552015304565,84.6022457,28.1793381286481,41.6057678216035,17.22,100.0,112.7141001,80.08,46593236.0,1.20976996421814,30715847.0,3.00478833085862,57.0,21.312
Kazakhstan,628416.48,55,2017-01-01,KZ,398,9247.58067886159,2.75081992149353,76.42674823,12.4088893941983,55.0565772215549,4.9,100.0,145.7470439,57.336,18037776.0,0.126670002937317,11657941.0,2.39039226880014,31.0,30.250999999999998
Mexico,564794.55,91,2017-01-01,MX,484,9693.33009125499,4.51821994781494,53.03178861,18.3072140248013,31.6652853265484,3.42,100.0,93.07232465,79.867,122839258.0,0.328319996595383,80964835.0,1.00691937201289,29.0,33.230000000000004
Macao,560661.66,3,2017-01-01,MO,446,78896.2747485132,2.70642995834351,83.17408907,1.91107323855538,41.8094099396915,1.99,100.0,320.5404246,100.0,638609.0,0.171900004148483,490488.0,,,32.691
Turkey,498586.08,155,2017-01-01,TR,792,10695.550196231,4.32368993759155,64.68461768,13.0496007114932,41.5979077648446,10.82,100.0,94.77443648,74.644,80312698.0,1.17631995677948,55023704.0,1.32009904547906,40.0,33.375
Italy,473800.93,227,2017-01-01,IT,380,32406.7203150134,4.04493999481201,63.077347,39.7849340273355,43.1380373681882,11.21,100.0,139.776512,70.144,60536709.0,1.37012994289398,38770686.0,2.85757232672014,50.0,20.735999999999997
Israel,473041.17,51,2017-01-01,IL,376,41114.7817082553,6.00771999359131,81.58118359,76.5927352613681,49.2793905000955,4.22,100.0,126.8464798,92.336,8713300.0,4.62414979934692,5262154.0,3.27447160076443,62.0,28.786
Estonia,461646.45,71,2017-01-01,EE,233,20437.765376736,4.96131992340088,88.10245687,45.2223056229356,38.3007896320802,5.81,100.0,144.5430113,68.717,1317384.0,1.27684998512268,846482.0,21.7379785246058,71.0,24.269999999999996
Slovakia,454914.67,71,2017-01-01,SK,0,17585.197002257,3.93220996856689,81.62566752,42.0586859182013,44.9029030226133,8.13,100.0,130.8550955,53.751,5439232.0,0.884559988975525,3763872.0,5.2350445981516,50.0,26.131
Belarus,417228.03,65,2017-01-01,BY,112,5785.53397723676,4.79500007629395,74.43644541,44.7477609674645,39.9776221457876,5.65,98.7420120239258,117.5863907,78.134,9458989.0,0.584110021591187,6413187.0,1.20439637617799,44.0,25.480999999999998
Singapore,411011.72,167,2017-01-01,SG,702,61164.8973569773,2.75753688812256,84.45226789,41.574314333453,52.88034594757,4.2,100.0,145.4058271,100.0,5612253.0,1.89904999732971,4340011.0,8.57863952913026,84.0,28.467
Peru,402148.78,103,2017-01-01,PE,604,6676.30879274916,3.93130993843079,50.45041218,14.56078810278,33.7320359632662,3.69,94.8,123.1285796,77.72,31605486.0,0.120849996805191,20270676.0,3.84144062840525,37.0,32.767
Bosnia and Herzegovina,335652.36,11,2017-01-01,BA,070,5327.39230422044,,64.89202051,32.0630212138977,16.1772595782368,20.53,100.0,100.001686,47.876,3440027.0,0.197799995541573,2369660.0,1.04519647803584,38.0,26.012
Czech Republic,295633.46,138,2017-01-01,CZ,203,20636.199952435,3.80615997314453,78.71917285,48.3064863142683,47.7996354948629,2.89,100.0,119.9885389,73.675,10594438.0,1.76855003833771,6928654.0,4.48729474887979,57.0,22.795
Belgium,282227.2,117,2017-01-01,BE,056,44198.4823908691,6.42534017562866,87.67968082,62.3990940286386,54.6351094915336,7.09,100.0,99.76104331,97.961,11375158.0,2.66666007041931,7333843.0,3.13302963446759,75.0,24.461
Pakistan,278361.7,16,2017-01-01,PK,586,1567.6406123353,2.13665676116943,13.78,76.8277806220806,42.670760334181,3.913,92.6610260009766,66.79261828,36.442,216379655.0,0.212139993906021,125260953.0,0.0768842261520753,32.0,35.25
Dominican Republic,270184.87,5,2017-01-01,DO,214,7513.49798180543,3.9202675819397,67.57124533,10.7081564447656,22.8394315089205,5.83,100.0,82.36053386,80.277,10647244.0,,6939526.0,1.40722766911366,29.0,34.33
Hong Kong,249062.25,90,2017-01-01,HK,0,46160.429791493,3.30989003181458,89.41594465,17.9954160415993,36.0163384300036,3.12,100.0,246.5284142,100.0,7393200.0,0.835189998149872,5281200.0,30.0157676023634,77.0,24.695
South Africa,246525.58,182,2017-01-01,ZA,710,6734.47515314548,5.59867000579834,56.16739447,25.1700934433105,39.9611460026615,23.99,84.4,156.2424453,65.85,56641209.0,0.762570023536682,37200003.0,,43.0,36.887
Croatia,235237.93,56,2017-01-01,HR,191,13592.2545240617,3.88921999931335,67.09619204,20.3141231624765,45.3621796428182,11.21,100.0,102.9365288,56.667,4124531.0,0.847270011901855,2702875.0,5.51864456939923,49.0,23.846
Chile,216088.06,97,2017-01-01,CL,152,15034.0584252287,5.43278980255127,82.32748693,23.8798558163973,41.52320035861,6.95,99.7,125.28541,87.49,18368577.0,0.356790006160736,12668844.0,9.34489767437797,67.0,30.842000000000002
Romania,215696.97,73,2017-01-01,RO,642,10727.9708633184,3.11820006370544,63.74728218,56.4628214906337,50.7316948585309,4.93,100.0,113.7122045,53.936,19588715.0,0.506929993629456,13041212.0,7.53509364290172,48.0,24.051
Indonesia,209109.1,159,2017-01-01,ID,360,3839.78507460491,2.66997861862183,32.33580625,31.5612970630038,37.7516562329368,3.78,98.14,164.5351584,54.659,264498852.0,0.238049998879433,177789493.0,,37.0,32.269999999999996
Portugal,206608.22,204,2017-01-01,PT,620,21490.429863104,5.0156102180481,73.79121395,26.2866882162595,41.1536843098118,8.87,100.0,114.1311837,64.652,10300300.0,1.3192800283432,6667487.0,5.63110963630025,63.0,21.819000000000003
Argentina,203828.09,137,2017-01-01,AR,032,14613.0356486571,5.45431995391846,74.29490687,51.7704545722724,31.7075949921335,8.35,100.0,140.5014607,91.749,44044811.0,0.556309998035431,28304390.0,0.219978653319665,39.0,31.010999999999996
Saudi Arabia,180086.05,14,2017-01-01,SA,682,20910.4829617971,,94.17559961,5.75494897226612,53.6917307187574,5.89,99.97,117.5995716,83.622,34193122.0,,24270519.0,0.460461797191305,49.0,32.184
New Zealand,177418.3,75,2017-01-01,NZ,554,42910.9728362488,5.27020978927612,87.7,18.3292172351476,36.5051753475767,4.74,100.0,134.8432405,86.466,4813600.0,1.34912002086639,3148198.0,18.5236950545057,89.0,27.592000000000002
Austria,169879.43,78,2017-01-01,AT,040,47429.1584564387,5.37159013748169,87.93558659,41.2469255549542,45.3251751906815,5.5,100.0,123.4328495,58.094,8797566.0,3.05656003952026,5893061.0,0.5182145789447,75.0,24.989
Greece,166332.7,98,2017-01-01,GR,300,18582.0893411631,3.47708988189697,69.89297065,11.7000110915543,18.6627118012084,21.49,100.0,120.9954184,78.724,10754679.0,1.15227997303009,6905510.0,1.11658743848517,48.0,21.942
Ireland,127507.22,30,2017-01-01,IE,372,70150.7370157965,,84.11400706,75.0573371810213,83.8106525704472,6.71,100.0,102.6618166,62.947,4807388.0,1.25187003612518,3141774.0,7.06776081040751,74.0,25.5
Hungary,121661.5,93,2017-01-01,HU,348,14621.2395956755,4.61487007141113,76.75054712,51.3105365353617,59.9500117204692,4.16,100.0,101.5946158,71.062,9787966.0,1.3170200586319,6524984.0,3.47152648884572,45.0,23.604
Switzerland,106571.96,79,2017-01-01,CH,756,82254.3769269767,5.01765012741089,89.68614767,53.7589053538749,73.2045284870706,4.8,100.0,131.1998185,73.761,8451840.0,3.07698011398315,5653337.0,4.57505313465646,85.0,24.781
Lithuania,91130.25,74,2017-01-01,LT,440,16885.4073948373,3.81220006942749,77.61525651,26.1509606584827,26.2543146285237,7.07,100.0,150.1602369,67.516,2828403.0,0.896260023117065,1852440.0,3.52529714214054,59.0,24.521
India,86484.89,169,2017-01-01,IN,356,1957.96981329558,4.30639696121216,18.2,64.5539268882946,48.0686842872581,7.733,91.7941589355469,86.31708801,33.6,1354195680.0,0.666029989719391,898694113.0,0.120678373856555,40.0,35.099
North Macedonia,78116.51,5,2017-01-01,MK,0,5450.49706853299,,74.51682418,55.2350786144006,50.1846616129593,22.81,99.9943161010742,95.07708173,57.748,2074502.0,0.354389995336533,1450362.0,3.72657442287094,35.0,28.933
Colombia,69260.16,30,2017-01-01,CO,170,6449.97098726076,4.53551006317139,62.25988032,28.3381335917099,33.9772399435942,8.87,98.5,128.6822441,80.446,48351671.0,0.261090010404587,33347909.0,2.00071705843181,37.0,34.097
Slovenia,62699.43,26,2017-01-01,SI,705,23514.0254604147,4.78053998947144,78.88542636,34.573613136235,48.2743836940069,6.56,100.0,116.4306764,54.273,2066388.0,1.86530005931854,1367747.0,3.30463263793472,61.0,22.666
Latvia,60927.95,72,2017-01-01,LV,428,15695.1151541059,4.36671018600464,80.114077,34.1675521806775,38.4286198817312,8.72,100.0,126.0509437,68.075,1942248.0,0.511039972305298,1245192.0,7.44516168117171,58.0,23.511
United Arab Emirates,50351.63,24,2017-01-01,AE,784,43063.9674770763,,94.81992254,,,2.46,100.0,218.6322987,86.248,9068296.0,,7671386.0,2.03232754855247,71.0,48.566
Algeria,35959.68,17,2017-01-01,DZ,012,4134.93608656171,6.4018383026123,47.69105515,62.3313168769556,61.3075542357562,10.334,99.5300216674805,111.4475314,72.052,41136546.0,0.534319996833801,26594763.0,0.372107583473499,33.0,32.678000000000004
Bahrain,33195.0,2,2017-01-01,BH,048,24349.9098701325,2.32452011108398,95.87813575,19.2563609952672,10.5311636475284,1.169,100.0,162.3024312,89.186,1456834.0,,1125298.0,3.59408907008,36.0,40.078
Mongolia,32116.97,29,2017-01-01,MN,496,3708.24822134669,4.31822395324707,23.71426517,23.2887110761718,44.6264863639894,6.36,93.6207580566406,125.5209736,68.363,3096030.0,0.134200006723404,2031574.0,5.99069648045366,36.0,33.741
Iraq,31920.6,10,2017-01-01,IQ,368,4725.19357334032,,26.0,40.5614015585371,7.38837529504327,13.02,99.8843765258789,84.33798585,70.278,39621162.0,0.0459600016474724,22655700.0,,18.0,34.661
Uruguay,22952.49,14,2017-01-01,UY,858,18995.3970195554,4.41787004470825,70.3223544,35.7723999415018,44.6437249234121,7.89,99.8,148.9559056,95.24,3422200.0,0.440519988536835,2201142.0,1.83501712351934,70.0,28.829
Kuwait,19250.07,24,2017-01-01,KW,414,29258.2663270479,,97.99998933,54.1437998095874,30.6056997354052,2.198,100.0,173.0666459,100.0,4124904.0,0.0803999975323677,3120729.0,3.13180501852421,39.0,27.333
Kyrgyzstan,15648.53,14,2017-01-01,KG,0,1242.77022029305,6.02618980407715,50.8,19.6151540497232,16.6253525928294,3.589,100.0,138.3369764,36.135,6198200.0,0.107069998979568,3886971.0,,29.0,35.583
"Moldova, Republic of",14823.32,7,2017-01-01,MD,0,3454.95469039113,5.71016979217529,49.9,41.1100118086363,29.9198162411624,3.89,99.98,117.8002494,42.557,2755189.0,0.257889986038208,1896287.0,1.97641833008801,31.0,29.467
Iceland,14681.24,27,2017-01-01,IS,352,72010.1490316258,7.58385992050171,98.25520119,15.7722825127336,33.01342232252,2.74,100.0,116.7618266,93.773,343400.0,2.08413004875183,228127.0,11.4378069248462,77.0,28.557
Armenia,13960.05,4,2017-01-01,AM,051,4041.99507105058,2.70759010314941,64.74488433,27.2776956725188,10.5021335980508,12.944,99.7,122.3218158,63.103,2851923.0,0.227880001068115,1958831.0,2.20422111071312,35.0,31.641000000000002
Morocco,13488.7,13,2017-01-01,MA,504,3288.50268554688,4.73564958572388,61.76221201,37.6977362726894,38.9519906743405,9.225,100.0,123.4247246,61.908,35528115.0,,23458102.0,1.71240491011861,40.0,33.134
Venezuela,11541.34,37,2017-01-01,VE,862,,,61.6,,,5.05,99.2,80.14049665,88.183,30563433.0,,19854390.0,,18.0,32.830000000000005
Ecuador,10263.49,5,2017-01-01,EC,218,6246.40425217932,4.6142578125,55.8,12.3394752455428,21.4955248588239,3.84,99.2,87.74901563,63.67,16696944.0,,10842807.0,,32.0,34.647
Malta,9250.25,50,2017-01-01,MT,470,28813.1853396512,4.55917978286743,81.01191108,57.8901368878746,63.2073866704699,4.0,100.0,126.1236254,94.546,467999.0,0.552119970321655,317022.0,17.1114808436388,56.0,28.767000000000003
Nicaragua,9091.07,1,2017-01-01,NI,558,2127.28281786358,4.35768985748291,30.4,41.743708269132,23.8524987869966,3.3,84.6272811889648,126.2222916,58.299,6480532.0,,4143383.0,,26.0,37.254999999999995
Tunisia,7215.41,12,2017-01-01,TN,788,3569.71883883673,,55.50015506,26.2202358407191,21.2072750928361,15.33,100.0,121.3575682,68.642,11811443.0,0.699540019035339,7963949.0,1.50167767063195,42.0,31.408
Egypt,6748.68,12,2017-01-01,EG,0,2439.96728439968,,44.95020425,14.2239945124979,36.1750841750842,11.767,100.0,101.1482612,42.705,101789386.0,0.644860029220581,63148640.0,0.0968653641089533,32.0,34.125
Cambodia,5468.82,6,2017-01-01,KH,116,1400.89926522987,2.09646058082581,32.90027854,8.63675076225715,14.3303041664494,0.14,89.07,117.3225889,22.98,15830689.0,,10289375.0,0.527546021397857,21.0,35.731
Panama,5457.14,4,2017-01-01,PA,591,15185.9724813803,2.97704124450684,59.9506309,7.2736278987946,21.6924555650013,5.392,93.7,128.909028,67.365,4096063.0,0.147180005908012,2652304.0,6.79463965056569,37.0,31.983
Georgia,4256.13,28,2017-01-01,GE,268,4356.92801624893,3.57442998886108,59.7055046,7.46114415477657,14.1665161290416,13.94,100.0,145.8786023,58.231,3728004.0,0.270229995250702,2449123.0,10.4177538028022,56.0,27.046
Sri Lanka,3663.4,16,2017-01-01,LK,144,4388.20190593728,2.59316992759705,32.25,13.8817252239948,14.1315292947193,4.05,97.5,131.1169828,18.384,21506813.0,0.118179999291897,14148610.0,0.674822805591841,38.0,29.3
Uzbekistan,3512.18,3,2017-01-01,UZ,860,1916.76462520814,5.0333194732666,48.69999885,14.9806338084957,7.36070809176851,5.83,99.9721069335938,75.9584973,50.55,32388600.0,0.148340001702309,21583420.0,1.20281381079765,22.0,36.141999999999996
Azerbaijan,3136.66,7,2017-01-01,AZ,031,4147.1981423222,2.47381997108459,79.0,14.4114704275773,52.0377547549801,4.96,100.0,100.550391,55.343,9854033.0,0.184679999947548,6857549.0,1.58673376923312,31.0,33.096000000000004
Guatemala,2884.54,9,2017-01-01,GT,320,4454.02450948165,2.95009994506836,37.9,50.0947888553685,19.7863594965912,2.46,93.3,120.555015,50.68,16087418.0,0.0295499991625547,9710165.0,0.585466926122224,28.0,37.756
Albania,2868.16,2,2017-01-01,AL,008,4531.03220675893,3.61172008514404,62.4,31.5255115049876,15.4371443953276,13.62,99.89,125.9205273,59.383,2873457.0,,1958423.0,1.52807521334242,38.0,30.705
Bolivia,2108.25,2,2017-01-01,BO,068,3280.0082139387,8.09724044799805,43.83227607,15.7154637104714,41.7660960208141,3.65,91.8,95.86980372,69.08,11435533.0,,7169627.0,,33.0,35.95
Syrian Arab Republic,1606.37,3,2017-01-01,SY,760,862.319063332871,,32.7,,,8.747,89.6331405639648,81.04987454,53.5,18983373.0,,10611018.0,,14.0,29.866
Lao People's Democratic Republic,1344.55,5,2017-01-01,LA,0,2439.4633552251,2.4979727268219,25.51043508,4.43159979019361,6.12041590306783,3.27,93.6,53.04168369,34.368,6997917.0,,4444122.0,0.0717681110815432,29.0,37.538
Cuba,1155.0,2,2017-01-01,CU,192,8543.33006731328,,57.14840432,,,1.7,99.3961868286133,40.6988106,76.977,11336405.0,0.430660009384155,7826960.0,,47.0,26.499
Bangladesh,935.65,10,2017-01-01,BD,050,1815.61026180185,1.85040032863617,19.8,74.8471711687239,13.8858793710165,4.37,88.0,93.29458051,35.858,161793964.0,,106941690.0,0.0717065812937578,28.0,36.623
Trinidad and Tobago,594.75,1,2017-01-01,TT,780,16258.7489291438,3.30224180221558,70.6,11.3028450441756,66.7733134976723,3.309,100.0,137.3344641,53.205,1478607.0,0.0860600024461746,1042695.0,4.05398481507158,41.0,30.505000000000003
"Iran, Islamic Republic of",381.6,9,2017-01-01,IR,0,5758.59072766807,3.45956993103027,64.04397362,,,12.23,99.94,103.0079578,74.394,84505076.0,0.759829998016357,58960922.0,,30.0,34.961
Costa Rica,309.65,2,2017-01-01,CR,188,12118.1336248174,7.06980991363525,71.58166462,51.1374651926788,33.3037609468424,7.73,99.6,177.0248638,78.56,4993842.0,0.425870001316071,3438731.0,5.13231789003995,59.0,32.983999999999995
Luxembourg,130.65,3,2017-01-01,LU,442,110193.213797228,3.48645997047424,97.36296032,27.3298244840363,35.2996908738103,5.52,100.0,133.158472,90.727,596336.0,1.23898005485535,414662.0,15.9361784390902,82.0,26.895
Paraguay,112.5,1,2017-01-01,PY,600,6136.0583014952,3.09062075614929,61.07575622,26.9579427772447,15.3747074897126,4.61,99.3,117.5106256,61.3,6355404.0,0.148880004882813,4086043.0,,29.0,36.418
United States,30670957.29,4398,2018-01-01,US,840,62823.309438197,4.92889022827148,88.49890317,48.099867713406,43.1740882954809,3.9,100.0,104.847944,82.256,326838199.0,3.0100998878479,214704199.0,,71.0,27.011
China,22818574.61,1458,2018-01-01,CN,156,9905.40638307759,3.54249453544617,59.2,61.0598249158442,23.8944449650265,4.31,100.0,116.3882038,59.152,1402760000.0,2.14057993888855,983747117.0,8.66926108411754,39.0,27.814
"Korea, Republic of",14475186.29,1272,2018-01-01,KR,0,33447.1562836166,4.45807981491089,96.02285958,51.6023245159268,48.6440495795092,3.82,100.0,128.4051056,81.459,51585058.0,4.51632976531982,37547256.0,,57.0,25.529999999999998
Denmark,10621239.74,433,2018-01-01,DK,208,61591.9288698958,7.00015020370483,97.31920437,36.487140193403,39.917250295887,5.13,100.0,125.1362568,87.874,5793636.0,2.96602988243103,3704032.0,10.0162124947254,88.0,25.162
Finland,7582236.19,363,2018-01-01,FI,246,49987.6261584968,6.27557992935181,88.88996,71.051266005123,58.0193283831037,7.36,100.0,129.6355826,85.382,5515525.0,2.75748991966248,3437072.0,4.28944347534796,85.0,24.043000000000003
Russian Federation,7181330.44,888,2018-01-01,RU,643,11287.3544921875,4.67819976806641,80.86472187,45.0324102376256,44.6760725445486,4.85,100.0,157.431312,74.433,144477859.0,0.990019977092743,98032627.0,3.25968851865266,28.0,25.835
Sweden,6508582.43,555,2018-01-01,SE,752,54589.0603860606,7.64084005355835,89.24696316,64.6129578093831,58.0324806559409,6.36,100.0,124.246327,87.431,10175214.0,3.32105994224548,6350231.0,7.18918824303588,85.0,25.299
France,6502278.17,1075,2018-01-01,FR,250,41557.8548588876,5.40716981887817,82.04318678,54.9851924919308,55.4737067222217,9.02,100.0,109.5588076,80.444,67158348.0,2.19666004180908,41540363.0,4.83275612090948,72.0,23.303000000000004
Canada,5357267.32,780,2018-01-01,CA,124,46548.6384108296,4.8889799118042,94.64,51.0720114947047,40.4853683206174,5.83,100.0,89.67401709,81.411,37065084.0,1.73720002174377,24742773.0,0.215755281390988,81.0,26.092
Germany,4557291.7,903,2018-01-01,DE,276,47939.2782884504,4.97933006286621,87.03711209,57.6167238258455,49.5802806241033,3.38,100.0,129.6794748,77.312,82905782.0,3.11011004447937,53871540.0,1.35347572674395,80.0,23.194000000000003
Australia,4257200.79,781,2018-01-01,AU,036,57273.5204750079,5.12431001663208,90.0,21.0884300782906,27.6255081377467,5.3,100.0,110.6519296,86.012,24963258.0,,16363671.0,14.4796186606973,77.0,27.907999999999998
Brazil,3732631.47,813,2018-01-01,BR,076,9121.02099480377,6.08851003646851,70.43428254,65.6118990353122,53.1311085108404,12.46,99.7,99.64002652,86.569,210166592.0,1.16769003868103,146810991.0,1.7379789498387,35.0,32.625
United Kingdom,3303989.34,868,2018-01-01,GB,826,43203.8141057739,5.19807004928589,90.69200899,52.1071109570993,47.9292007670607,4.0,100.0,118.7527408,83.398,66460344.0,2.70481991767883,42381437.0,15.6517966587827,80.0,25.361
Poland,3089210.69,549,2018-01-01,PL,616,15504.5089370714,4.60506010055542,77.54173454,50.8721610863966,52.1862498837101,3.85,100.0,125.3471416,60.058,37974750.0,1.20609998703003,25647760.0,1.44022936821345,60.0,25.253
Japan,2835890.33,360,2018-01-01,JP,392,39751.1330982711,3.07782006263733,88.74635089,56.3611791466227,63.5755338088719,2.47,100.0,142.4668807,91.616,126811000.0,3.21919989585876,74638081.0,0.386956720168443,73.0,19.759999999999998
Ukraine,2652289.72,205,2018-01-01,UA,804,3096.5625,5.3199200630188,62.55315539,52.2543571608992,25.9793103448276,8.8,100.0,127.753861,69.352,44622518.0,0.471130013465881,30310243.0,,32.0,25.338
Malaysia,2482681.23,284,2018-01-01,MY,458,11073.9789704691,4.13194847106934,81.20104862,36.3339533779732,39.0962351029713,3.3,99.9971542358398,130.908501,76.036,32399271.0,1.04025995731354,22521048.0,2.36612556522687,47.0,35.961
Thailand,1998360.24,460,2018-01-01,TH,764,7124.55881041403,3.19769406318665,56.81748093,16.1423724637989,37.4667723402554,0.77,99.82,175.8777812,49.949,71127802.0,1.11373996734619,50371379.0,1.4625795921255,36.0,27.643
Netherlands,1973346.79,343,2018-01-01,NL,528,53044.5324352253,5.35764980316162,91.89189189,66.4258129214871,67.4251839045804,3.83,100.0,122.1100816,91.49,17231624.0,2.13879990577698,11216475.0,2.96767766305879,82.0,25.068
Philippines,1685755.98,256,2018-01-01,PH,608,3194.67270132209,3.86405324935913,44.1,70.5492670303883,28.1412336539827,2.34,94.189826965332,123.9757392,46.907,108568836.0,0.322219997644424,68903788.0,0.294752826092356,36.0,34.562
Bulgaria,1383281.44,99,2018-01-01,BG,100,9447.65589681469,4.04528999328613,64.78201069,30.4272502351904,27.0738783943822,5.21,98.6996383666992,117.8397093,75.008,7025037.0,0.753790020942688,4519501.0,1.95781337782393,42.0,21.838
Turkey,1321935.22,214,2018-01-01,TR,792,9568.83618958168,4.30003976821899,71.04276084,12.1871892957652,41.3067163392261,10.89,100.0,96.74999684,75.143,81407204.0,1.2717399597168,55641659.0,1.51469365635465,41.0,32.803
Jordan,1145049.27,13,2018-01-01,JO,400,4146.40731063215,2.95461988449097,65.2,8.36354568299093,7.04315088328989,18.26,99.9,83.47869848,90.979,10459865.0,,6558046.0,0.567160177607531,49.0,35.677
Norway,1122846.0,230,2018-01-01,NO,578,82792.8427113304,7.59563016891479,96.49165799,32.8990535546991,39.7489196507061,3.8,100.0,107.6910276,82.248,5311916.0,2.03482007980347,3467292.0,8.62356562951108,84.0,26.282
Spain,1085935.49,428,2018-01-01,ES,724,30379.7211126422,4.1794900894165,86.10723553,28.2105369517846,42.3033906836305,15.25,100.0,115.7483421,80.321,46797754.0,1.24151003360748,30814187.0,3.03124348275361,58.0,21.198999999999998
Israel,1018137.57,59,2018-01-01,IL,376,42406.8454263606,6.06284999847412,83.73315696,77.8490007942873,49.2663184647593,4.0,100.0,126.5301426,92.418,8882800.0,4.77613019943237,5348879.0,3.26991565206119,61.0,28.666
Viet Nam,962166.55,359,2018-01-01,VN,0,3267.22506911927,3.29537010192871,69.84792868,,,1.16,100.0,148.1748225,35.919,94914330.0,,65704221.0,1.60908700552882,33.0,32.243
Pakistan,896217.07,66,2018-01-01,PK,586,1620.74259148331,2.33216953277588,15.34,75.2078666552051,46.6414513194955,4.08,93.3974914550781,70.07944774,36.666,219731479.0,,127651888.0,0.101315805389644,33.0,35.276
Indonesia,880415.93,360,2018-01-01,ID,360,3902.661675559,2.75422644615173,39.90463864,33.2232446532929,34.7624533332469,4.39,98.51,119.6084851,55.325,267066843.0,0.226319998502731,179835745.0,,38.0,31.965999999999994
Belgium,879740.22,140,2018-01-01,BE,056,47544.9811472757,6.38107013702393,88.647343,62.1100924984066,54.4029091625456,5.95,100.0,99.9891253,98.001,11427054.0,2.86017990112305,7346245.0,3.71075532503756,75.0,24.384999999999998
Saudi Arabia,790281.26,36,2018-01-01,SA,682,24175.5833140113,,93.31000185,9.0571300677953,56.4697438437369,6.03,99.89,117.9691219,83.844,35018133.0,,24999581.0,0.501787317056362,49.0,32.562000000000005
Czech Republic,757218.85,183,2018-01-01,CZ,203,23424.4804601855,4.26605987548828,80.68816754,48.2930652301801,48.2069677548369,2.24,100.0,120.5956604,73.792,10629928.0,1.89906001091003,6891614.0,4.3910119736713,59.0,22.389
Singapore,706083.88,212,2018-01-01,SG,702,66836.521995236,2.85647010803223,88.16563603,41.7643794776479,49.6871310267856,3.641,100.0,147.3617155,100.0,5638676.0,1.80957996845245,4315261.0,10.0117187109371,85.0,27.791
Estonia,687358.24,51,2018-01-01,EE,233,23165.8494786437,5.23997020721436,89.35700777,46.7942440661971,39.4287449448119,5.41,100.0,145.5233453,68.88,1321977.0,1.40998995304108,845484.0,23.5736466718028,73.0,23.875999999999998
Lebanon,683522.3,25,2018-01-01,LB,422,9225.84515486901,2.52722072601318,80.9,26.2454010232192,26.2515924227757,10.728,99.7,74.34556707,88.593,5950839.0,,3835213.0,,28.0,30.794
Italy,556113.88,221,2018-01-01,IT,380,34622.1696664741,4.25614023208618,74.38718292,39.8727483290273,43.5950047098032,10.61,100.0,139.1884938,70.438,60421760.0,1.42443001270294,38658939.0,2.961075068069,52.0,20.655
Switzerland,506836.56,123,2018-01-01,CH,756,85217.3691512274,4.93008995056152,91.8,55.1829433342814,72.7123801325128,4.71,100.0,126.7095617,73.797,8514329.0,,5674165.0,4.53021044441723,85.0,24.529
Mexico,496262.78,131,2018-01-01,MX,484,10130.3206984553,4.2542200088501,56.6595668,18.2344640315513,32.3718378834406,3.27,99.5,96.89668563,80.156,124013861.0,0.307110011577606,82019095.0,1.0040704325796,28.0,33.010000000000005
Slovakia,492321.82,80,2018-01-01,SK,0,19486.3936845505,3.95290994644165,80.44892248,43.3692315270065,44.569089099868,6.54,100.0,132.9546485,53.726,5446771.0,0.835550010204315,3732815.0,5.25363023371902,50.0,25.429000000000002
Argentina,412931.42,184,2018-01-01,AR,032,11795.1627452798,4.87773990631104,77.7,49.559229495675,32.4823315992536,9.22,99.9937362670898,131.9371685,91.87,44494502.0,0.494349986314774,28630919.0,0.198629933646666,40.0,30.865
Hong Kong,388455.92,103,2018-01-01,HK,0,48537.5668888343,3.32624006271362,90.50739533,17.2869442075142,35.4782876036195,2.81,100.0,265.9712453,100.0,7452600.0,0.863300025463104,5264190.0,28.5927538919114,76.0,23.738999999999997
Kazakhstan,381054.49,68,2018-01-01,KZ,398,9812.62543137393,2.61595010757446,78.90391906,13.1217454548306,57.9380255333867,4.85,100.0,140.6055713,57.428,18276452.0,0.116829998791218,11698416.0,2.00138076849132,31.0,29.583999999999996
Greece,345945.04,128,2018-01-01,GR,300,19756.990456255,3.59734010696411,72.23837339,10.6154601203833,17.9485919289046,19.29,100.0,114.4592115,79.058,10732882.0,1.21370995044708,6872299.0,1.43816019866644,45.0,21.551000000000002
Hungary,341868.52,118,2018-01-01,HU,348,16425.2050299693,4.62343978881836,76.07436064,50.7415160540973,58.323717635086,3.71,100.0,102.7165638,71.351,9775564.0,1.50775003433228,6482401.0,3.7345615562829,46.0,23.477
Belarus,301038.5,84,2018-01-01,BY,112,6360.05310087258,5.38110017776489,79.12988669,44.9966055668703,40.68737167274,4.76,99.348762512207,119.8449004,78.595,9438785.0,0.604430019855499,6360836.0,1.34338494093275,44.0,24.814999999999998
Croatia,284448.57,45,2018-01-01,HR,191,15040.0369182791,3.94578003883362,75.29462599,21.5986791404804,45.8022362071717,8.43,100.0,105.479914,56.947,4087843.0,0.951250016689301,2661812.0,5.86157873358307,48.0,23.46
Lithuania,271440.89,81,2018-01-01,LT,440,19186.359591641,3.89289999008179,79.72258277,25.1656365269891,26.5329880255752,6.15,100.0,130.8936876,67.679,2801543.0,0.936619997024536,1825830.0,3.31339584330344,59.0,24.076
New Zealand,268252.43,79,2018-01-01,NZ,554,43236.8866923404,5.18380880355835,89.0,16.6437558104403,37.1990325004969,4.33,100.0,130.5976242,86.538,4900600.0,,3204517.0,17.7832394072548,87.0,27.69
Portugal,265951.26,194,2018-01-01,PT,620,23562.5545228191,4.67515993118286,74.66096815,25.6398028528424,40.1833470391547,6.99,100.0,115.2549871,65.211,10283822.0,1.3495500087738,6635449.0,6.49098129382718,64.0,21.619999999999997
South Africa,261704.34,142,2018-01-01,ZA,710,7067.72416484458,5.64401006698608,62.4,26.4993986906988,37.7711957957818,24.22,84.7,161.1938374,66.355,57339635.0,0.687730014324188,37537017.0,,43.0,36.2
Austria,251609.08,182,2018-01-01,AT,040,51466.5565633634,5.22655010223389,87.47913723,42.0905519494721,47.9314523700751,4.85,100.0,124.2461975,58.297,8840521.0,3.09182000160217,5906977.0,0.508252963113079,76.0,24.711
Romania,237885.09,102,2018-01-01,RO,642,12494.4235789649,3.31918001174927,70.68127793,57.3026662865769,48.929060691082,4.19,99.8226547241211,115.4396415,53.998,19473970.0,0.49728998541832,12872277.0,7.31850012525721,47.0,23.701
Bosnia and Herzegovina,232758.45,12,2018-01-01,BA,070,6024.49314979655,,70.12013504,30.7182647210468,15.4922224801429,18.4,100.0,101.7919614,48.245,3400129.0,0.191990002989769,2324768.0,1.09071865365154,38.0,25.458000000000002
Latvia,225604.77,94,2018-01-01,LV,428,17865.0310947642,4.24356985092163,83.57717486,37.5422107619468,42.5037000621618,7.41,100.0,106.9512252,68.142,1927174.0,0.638689994812012,1228121.0,8.00238838517903,58.0,22.979
Peru,202527.19,108,2018-01-01,PE,604,6912.10398761205,3.71392011642456,55.05433424,14.9836283010169,33.4925321679499,3.49,95.2,130.8994047,77.907,32203944.0,0.126829996705055,20759621.0,3.77266557748311,35.0,32.821
Ireland,187334.96,60,2018-01-01,IE,372,79446.9391085469,3.38675999641418,87.00014011,78.3908958282039,81.9391431621119,5.74,100.0,102.8335051,63.17,4867316.0,1.16719996929169,3178909.0,7.05188309433469,73.0,25.265
Macao,172189.85,15,2018-01-01,MO,446,84779.4536941057,2.72878003120422,83.79408961,1.24218818688097,42.7660163136854,1.83,100.0,335.0574739,100.0,650991.0,0.200790002942085,494275.0,,,31.860000000000003
Slovenia,156428.49,31,2018-01-01,SI,705,26123.7471277911,4.93455982208252,79.7499766,34.592562532854,48.9445607737099,5.11,100.0,117.0914525,54.541,2073894.0,1.9459400177002,1361372.0,3.03747348295976,60.0,22.247
Chile,151101.8,117,2018-01-01,CL,152,15820.0333571155,5.473060131073,84.9,25.9786530644243,44.6598868843679,7.21,100.0,134.6365175,87.564,18701450.0,0.369159996509552,12909544.0,10.3139171292221,67.0,30.830999999999996
India,144575.13,124,2018-01-01,IN,356,1974.3777314935,,20.08130004,63.5916362459104,49.0667152974972,7.65,95.7,85.90350833,34.03,1369003306.0,0.660009980201721,912553718.0,0.130475050475012,41.0,35.046
Colombia,99811.06,41,2018-01-01,CO,170,6782.03792033195,4.44910001754761,64.12637682,28.4793532073781,33.4364093701926,9.11,98.5,130.9211763,80.778,49276961.0,0.312330007553101,34124172.0,2.0000858486755,36.0,34.118
Dominican Republic,84988.56,12,2018-01-01,DO,214,7947.15933093481,3.91821074485779,74.82204836,11.7117787031529,32.4627913507442,5.86,98.9,83.02096599,81.074,10765531.0,,7027160.0,1.47856736617509,30.0,34.121
United Arab Emirates,69672.84,28,2018-01-01,AE,784,46722.2687183733,,98.45000178,,,2.24,100.0,219.700673,86.522,9140169.0,1.26389002799988,7700679.0,2.20529257903715,70.0,46.39
"Moldova, Republic of",64777.79,7,2018-01-01,MD,0,4156.95750022299,5.53887987136841,50.3,44.4383528265107,31.1275580721388,2.91,99.99,115.7581058,42.629,2707203.0,0.256260007619858,1844857.0,1.86315927547514,33.0,28.731
Armenia,64710.02,17,2018-01-01,AM,051,4391.92326991474,2.25586795806885,68.24505226,26.0858090231865,12.5214182359192,13.21,99.9,126.1831509,63.149,2836557.0,0.188759997487068,1933718.0,3.05245628974112,35.0,30.994
Kyrgyzstan,54299.99,25,2018-01-01,KG,0,1308.13978544561,5.55267000198364,57.1,17.1952415868509,14.0276924492914,3.67,100.0,140.3591937,36.351,6322800.0,0.101070001721382,3933986.0,,29.0,35.016999999999996
Malta,53229.74,41,2018-01-01,MT,470,31785.8848300917,4.95746278762817,81.65804429,56.8060700725485,63.4796551434503,3.66,100.0,125.2767573,94.612,484630.0,0.576089978218079,328560.0,17.4451819797299,54.0,28.735
Tunisia,49346.16,19,2018-01-01,TN,788,3577.17534204669,,64.19081023,55.470386862629,23.115957019604,15.46,99.8,123.7705691,68.945,11933041.0,0.716449975967407,8001144.0,1.68208772521649,43.0,30.647
Mongolia,47936.18,21,2018-01-01,MN,496,4165.02282101895,3.99742722511292,47.13000188,26.3352796266216,37.7809659885922,5.38,98.1,133.4403606,68.445,3163991.0,0.101609997451305,2052768.0,5.54916456759228,37.0,32.776
Iceland,47050.97,16,2018-01-01,IS,352,74452.1890731447,7.56349992752075,99.01095399,13.6224274004184,33.4785917510629,2.7,100.0,116.5506905,93.813,352721.0,2.00080990791321,235299.0,9.97905309584835,76.0,28.827
Kuwait,38702.09,26,2018-01-01,KW,414,32012.1875249538,,99.59884959,47.3318901269116,35.7023254125925,2.158,100.0,164.4554959,100.0,4317185.0,0.0634900033473969,3268653.0,5.78126522370124,41.0,25.602999999999998
Uruguay,36766.96,20,2018-01-01,UY,858,19026.0498173005,4.61359977722168,80.72684288,35.7851382393356,44.9431158263368,8.34,99.8,130.1172556,95.334,3427042.0,0.505940020084381,2209721.0,1.51248167760212,70.0,28.854000000000003
North Macedonia,35762.5,10,2018-01-01,MK,0,6108.73917044261,,79.16775519,54.4404758419192,51.7069115384229,21.2,99.8,93.16855383,57.963,2076217.0,0.363669991493225,1448329.0,3.63231009282952,37.0,28.564
Cuba,30498.35,4,2018-01-01,CU,192,8831.91040872027,,62.67892362,,,1.7,99.6126251220703,47.43291193,77.037,11328244.0,0.536909997463226,7806524.0,,47.0,26.357000000000003
Morocco,28649.29,13,2018-01-01,MA,504,3492.67260742188,4.96022701263428,64.80386519,38.330060187263,37.5074212607402,9.239,98.1,124.1715549,62.453,35927511.0,,23685420.0,1.91555410184019,43.0,32.626
Panama,27085.0,7,2018-01-01,PA,591,16156.0742859681,2.91199088096619,61.80553132,8.2543577533738,30.7010149796867,5.218,93.8,137.3834585,67.709,4165255.0,0.117200002074242,2699517.0,5.69278951486842,37.0,31.806
Venezuela,26318.5,17,2018-01-01,VE,862,,,,,,5.02,99.8781967163086,69.50784615,88.208,29825653.0,,19204694.0,,18.0,31.733
Algeria,19249.31,14,2018-01-01,DZ,012,4171.79038755546,6.32453918457031,49.03846808,63.3628094386521,62.6734979871454,10.416,99.6377410888672,112.4675177,72.629,41927007.0,,26884238.0,0.353296737480681,35.0,31.688999999999997
Egypt,15794.49,16,2018-01-01,EG,0,2531.20007864537,,46.92433677,11.7491102372559,31.4117065674658,9.855,100.0,90.40274284,42.704,103740765.0,0.688390016555786,64340136.0,0.181252079433103,35.0,33.777
Ecuador,11593.33,3,2018-01-01,EC,218,6321.34940071717,4.62145519256592,57.5,9.91396886920587,21.1671384852975,3.53,98.7,92.69594524,63.821,17015672.0,,11112458.0,,34.0,34.67
Bolivia,7460.44,4,2018-01-01,BO,068,3471.0069506501,8.01587009429932,44.2861422,13.0805782004673,41.2608961855167,3.52,92.8,98.61224848,69.425,11606905.0,,7312945.0,0.512640885286436,29.0,35.916000000000004
Uzbekistan,7430.59,5,2018-01-01,UZ,860,1604.25864156544,4.83589315414429,55.20000067,11.4692401667409,6.67464306764202,5.856,99.9921875,71.57614633,50.478,32956100.0,0.123939998447895,21843170.0,1.62392867360168,23.0,35.469
Lao People's Democratic Republic,7305.66,28,2018-01-01,LA,0,2553.36186646266,2.33501219749451,36.3,6.44407758853505,6.53377996978963,3.266,92.9,51.54585373,35.004,7105006.0,,4533537.0,0.095495689722651,29.0,37.394000000000005
Azerbaijan,7035.21,12,2018-01-01,AZ,031,4739.7943123408,2.45543003082275,79.79999549,17.3399512192555,41.3540430523855,4.94,100.0,101.8436601,55.68,9939771.0,0.184159994125366,6904446.0,1.65845319779658,25.0,32.436
Bahrain,5867.82,3,2018-01-01,BH,048,25415.8466249472,2.80800986289978,98.64467258,14.3163251640552,2.66340580923984,1.185,100.0,140.7017898,89.287,1487340.0,,1149269.0,3.11021620192405,36.0,39.229
Syrian Arab Republic,5810.26,5,2018-01-01,SY,760,1111.87209187084,,33.77,,,8.746,86.0,88.60117817,54.162,19333463.0,,11082876.0,,13.0,31.012
"Iran, Islamic Republic of",5596.5,23,2018-01-01,IR,0,3850.75125293224,3.61979007720947,70.200565,,,12.19,100.0,103.6264522,74.898,85617562.0,,59397335.0,,28.0,33.762
Iraq,5358.82,9,2018-01-01,IQ,368,5601.46706102705,,33.9,46.2698355711926,9.24206818775243,14.065,99.9,89.9894631,70.473,40590700.0,0.0427899993956089,23326516.0,,18.0,34.713
Luxembourg,4542.53,6,2018-01-01,LU,442,116786.511654677,3.66211009025574,97.06129871,29.9350337343162,36.6947907123864,5.59,100.0,131.3674819,90.981,607950.0,1.17180001735687,422820.0,17.1900429927467,81.0,26.899
Nicaragua,3802.88,1,2018-01-01,NI,558,1981.85836665362,4.47379589080811,37.6,55.1774713992373,21.8536790175291,5.2,85.2143325805664,113.2267851,58.522,6572233.0,,4215422.0,,25.0,37.018
Georgia,3799.88,13,2018-01-01,GE,268,4722.0424231414,3.5210599899292,62.7179082,5.85569871660145,13.7292682132987,12.67,99.9,144.7181513,58.632,3726549.0,0.280519992113113,2432367.0,10.3651073966077,58.0,26.603
Guatemala,3753.33,7,2018-01-01,GT,320,4485.75213495073,3.13193988800049,41.5,50.8715085117849,21.0704506128093,2.28,94.2099914550781,121.4676927,51.054,16346950.0,0.0293799992650747,9937399.0,0.553508916256326,27.0,37.782
Cambodia,2250.0,26,2018-01-01,KH,116,1533.31598466079,2.44785928726196,,7.0349227316902,16.8766036321195,0.142,80.7008285522461,121.1658947,23.388,16025238.0,,10422129.0,0.671346836535525,20.0,35.161
Costa Rica,2091.56,6,2018-01-01,CR,188,12383.1499522763,6.76991987228394,73.47972844,51.5937161384378,39.4102554974343,9.01,99.7,168.5386493,79.34,5040734.0,0.3714399933815,3471412.0,6.0065656119923,56.0,32.591
Albania,1346.55,3,2018-01-01,AL,008,5287.66080067575,3.15294480323792,65.4,30.755794827633,13.7323113951407,12.3,100.0,94.36446759,60.319,2866376.0,,1951044.0,1.6578247650228,36.0,30.486
Bangladesh,600.0,6,2018-01-01,BD,050,1963.41249219641,1.65589129924774,23.44,79.4240528785398,16.8403040037033,4.38,86.915283203125,98.83168698,36.632,163683958.0,,108985072.0,0.041286231610332,26.0,36.618
Trinidad and Tobago,543.38,1,2018-01-01,TT,780,16328.1268925695,3.21678996086121,,12.5046463695976,57.4361026051961,3.405,100.0,131.0947831,53.184,1504709.0,0.0822200030088425,1060133.0,4.30060103904193,41.0,30.135999999999996
Sri Lanka,285.14,1,2018-01-01,LK,144,4360.58473469252,1.98781001567841,46.9,13.5547709971379,14.4720108683858,4.32,99.585578918457,140.3243174,18.476,21670000.0,0.119489997625351,14234737.0,0.742390864481316,38.0,29.045
Paraguay,54.94,1,2018-01-01,PY,600,6242.96145417898,3.29619598388672,64.99354302,35.390728186154,18.4999662140793,6.22,99.6,115.4634996,61.585,6443328.0,0.146840006113052,4150981.0,,29.0,36.162
United States,46037929.82,6233,2019-01-01,US,840,65120.3946628653,4.98727989196777,89.43028486,49.3743695164058,42.6297285089227,3.67,100.0,106.4140195,82.459,328329953.0,3.170490026474,214965169.0,,69.0,26.924000000000003
China,24797760.07,1453,2019-01-01,CN,156,10143.8602205959,3.54105472564697,64.0808813,62.877528607681,26.1739520551543,4.56,100.0,122.8132903,60.308,1407745000.0,2.2446300983429,981428759.0,8.15325597869537,41.0,27.366
"Korea, Republic of",17389023.94,1226,2019-01-01,KR,0,31902.4169048194,4.68465995788574,96.15757918,50.1308276570726,50.4721305253428,3.75,100.0,132.9873505,81.43,51764822.0,4.62702989578247,37519554.0,,59.0,25.112000000000002
France,10718680.43,1325,2019-01-01,FR,250,40494.8982936276,5.35443019866943,83.33974409,53.8806629910397,55.0314891953289,8.41,100.0,111.8637727,80.709,67388001.0,2.19179010391235,41525825.0,5.25514884940976,69.0,23.213
Finland,9981772.07,388,2019-01-01,FI,246,48629.8582283032,6.41695022583008,89.60738511,73.0892791058143,61.4615177331437,6.69,100.0,129.4929527,85.446,5521606.0,2.79960989952087,3426873.0,5.30056859580031,86.0,23.895
Denmark,9838572.45,522,2019-01-01,DK,208,59592.9806886454,6.9096999168396,98.04643475,35.1616173397779,40.0661305376652,5.02,100.0,124.9761468,87.994,5814422.0,2.89685010910034,3710063.0,,87.0,25.323999999999998
Canada,7921800.37,974,2019-01-01,CA,124,46374.1527517191,4.77293014526367,91.91289669,52.9611839782706,42.5731062601398,5.66,100.0,91.59004081,81.482,37601230.0,1.75573003292084,24987960.0,,77.0,26.092000000000002
United Kingdom,7178431.61,1008,2019-01-01,GB,826,42662.5353740311,5.24871015548706,92.51662855,53.5667915888046,48.8395911504193,3.74,100.0,120.8484884,83.652,66836327.0,2.66551995277405,42504702.0,16.0622860420635,77.0,25.186
Sweden,7067338.24,592,2019-01-01,SE,752,51939.4297445291,7.63851022720337,94.49344341,69.4516145117971,60.9708934005866,6.83,100.0,125.5936109,87.708,10278887.0,3.38757991790771,6402513.0,7.25661653623575,85.0,25.301
Australia,6877420.41,939,2019-01-01,AU,036,55049.571919719,5.13429021835327,93.60991916,22.0944499797314,29.0417605042014,5.16,100.0,110.29622,86.124,25334826.0,1.82892000675201,16566343.0,13.5899134759266,77.0,27.790000000000003
Brazil,6374129.77,1209,2019-01-01,BR,076,8845.32414932264,5.96346998214722,73.91243991,62.8903404899138,53.2137203799575,12.05,99.8,95.38505233,86.824,211782878.0,1.21096003055573,147950382.0,1.97977715576373,35.0,32.191
Germany,6219594.8,1192,2019-01-01,DE,276,46805.1384334439,5.11676979064941,88.13451691,56.3875385730854,50.1982597098718,3.14,100.0,128.9265144,77.376,83092962.0,3.16778993606567,53703580.0,1.37762171190355,80.0,23.024
Russian Federation,6009773.03,886,2019-01-01,RU,643,11536.2587890625,3.50932550430298,82.64216187,46.5908678285397,44.3229462090053,4.5,99.7779693603516,164.3876311,74.587,144406261.0,1.03531002998352,97376270.0,2.92381514003089,28.0,25.235
Japan,3666316.79,712,2019-01-01,JP,392,40415.9567649547,3.15533995628357,92.73039781,57.5790317447477,67.0677829693897,2.35,100.0,148.2722187,91.698,126633000.0,3.2182400226593,74267895.0,0.409594018533273,73.0,19.585
Norway,3602053.79,245,2019-01-01,NO,578,76430.5889473338,7.8645601272583,98.00000439,35.2601520135369,41.8766782101449,3.69,100.0,107.9941993,82.616,5347896.0,2.13599991798401,3485000.0,8.66403812944038,84.0,26.201999999999998
Philippines,3454042.11,318,2019-01-01,PH,608,3413.84904430419,3.3557915687561,43.02661187,68.5255700187644,30.4963560609476,2.24,95.2904739379883,151.5865313,47.149,110380804.0,,70261944.0,0.314531390578498,34.0,34.528
Netherlands,3249907.89,493,2019-01-01,NL,528,52476.2732533327,5.15986013412476,93.2885906,66.9083115299641,66.5835154022666,3.38,100.0,125.3335923,91.876,17344874.0,2.18435001373291,11262366.0,2.97460521508601,82.0,25.158
Poland,3058158.54,533,2019-01-01,PL,616,15700.0135796738,4.67881011962891,80.43590688,51.0186696954639,53.1086176768141,3.28,100.0,125.7168536,60.037,37965475.0,1.32334995269775,25389267.0,1.58944132014301,58.0,24.456
Austria,2818656.46,205,2019-01-01,AT,040,50067.5857265892,5.21750020980835,87.75220479,42.3784963982581,49.3387804530731,4.49,100.0,120.7891044,58.515,8879920.0,3.13246989250183,5918009.0,0.510430236689394,77.0,24.445
Thailand,2556184.41,626,2019-01-01,TH,764,7628.57603307351,3.02221417427063,66.65241946,16.3439591047809,38.7763856839365,0.72,99.9,181.7670258,50.692,71307763.0,1.14316999912262,50247486.0,1.45076004524236,36.0,27.227000000000004
Malaysia,2486373.53,296,2019-01-01,MY,458,11132.1027429418,3.97953963279724,84.18714501,36.5613265846307,38.4617820202546,3.26,100.0,135.9610804,76.607,32804020.0,,22837979.0,2.29753347160095,53.0,35.486999999999995
Bulgaria,2298667.58,85,2019-01-01,BG,100,9874.33632625168,4.19715023040771,67.94698094,35.3724788719601,30.1769808173478,4.23,99.1950073242188,115.3427025,75.347,6975761.0,0.832360029220581,4463647.0,1.7615514542198,43.0,21.419999999999998
Argentina,2228729.79,241,2019-01-01,AR,032,9963.67416171662,4.77759981155396,79.94695203,49.9745179656612,37.24186026129,9.84,100.0,125.9409814,91.991,44938712.0,0.478130012750626,28967430.0,,45.0,30.738999999999997
Indonesia,2108230.46,696,2019-01-01,ID,360,4151.22755440796,2.84207797050476,47.69064898,32.0765913672978,37.1076692106684,3.59,98.85,126.5946679,55.985,269582878.0,0.271290004253387,181816710.0,,40.0,31.68
Spain,1940543.18,541,2019-01-01,ES,724,29581.5185513299,4.23021984100342,90.71866533,29.3759840986347,43.3779633783762,14.1,100.0,117.4481914,80.565,47134837.0,1.25024998188019,31046581.0,2.96785226682337,62.0,21.241999999999997
Jordan,1755236.25,26,2019-01-01,JO,400,4159.6537537759,2.98846006393433,70.08467395,8.0243924311721,7.00048753907483,16.8,99.9,72.70773421,91.203,10698683.0,,6741098.0,0.487176402808466,48.0,35.514
Hong Kong,1614108.88,99,2019-01-01,HK,0,48359.0011950597,3.81017994880676,91.74340039,18.194478276786,34.2779606563517,2.92,100.0,286.2244771,100.0,7507900.0,0.925570011138916,5241156.0,23.6775625479161,76.0,22.813
Viet Nam,1469586.6,554,2019-01-01,VN,0,3491.09140990663,3.08499836921692,68.66158021,,,1.68,99.4,142.2374996,36.628,95776716.0,0.416519999504089,66150523.0,1.66715760902963,37.0,31.725
Ukraine,1371945.15,300,2019-01-01,UA,804,3661.45776367188,5.44129991531372,70.1248443,53.8906384196965,25.6442888959593,8.19,100.0,130.6294363,69.473,44386203.0,0.43384000658989,30039824.0,,30.0,24.634999999999998
Italy,1239617.96,252,2019-01-01,IT,380,33673.7509627421,4.09527015686035,67.85071029,40.3025373749822,42.9447590065206,9.95,100.0,133.0713342,70.736,59729081.0,1.461590051651,38153861.0,,53.0,20.567
Lebanon,1168118.58,30,2019-01-01,LB,422,8925.42186017072,2.60026550292969,79.7588832,23.910402185215,22.1501175632562,11.3,99.9504852294922,73.29697162,88.758,5781907.0,,3664342.0,,28.0,30.213
Romania,1063526.31,103,2019-01-01,RO,642,12957.9991142218,3.56695008277893,73.65747575,57.2022113404973,49.0378543266622,3.91,100.0,116.1173683,54.084,19371648.0,0.476159989833832,12720436.0,7.46132254063581,44.0,23.412000000000003
Belgium,1058538.68,199,2019-01-01,BE,056,46641.7214017087,6.33397006988525,90.27542801,62.4074208313585,56.2158807444952,5.36,100.0,99.99135577,98.041,11488980.0,3.15659999847412,7366035.0,4.23306440699933,75.0,24.339
Estonia,1008902.87,46,2019-01-01,EE,233,23424.4847073518,5.29571008682251,90.2289282,49.019303164757,39.9625205148094,4.51,100.0,147.0228833,69.051,1326898.0,1.63145995140076,844746.0,24.7860470411871,74.0,23.457
Peru,982961.74,124,2019-01-01,PE,604,6955.88082448096,3.822429895401,59.9505036,16.399476624079,34.2846251145411,3.38,95.551360223182,121.3854737,78.099,32824861.0,0.156959995627403,21270229.0,4.11573684539911,36.0,32.884
Switzerland,937407.25,184,2019-01-01,CH,756,84121.9310304414,5.01438999176025,93.14608695,53.9839063070812,73.5677899513949,4.39,100.0,126.9492891,73.849,8575280.0,3.19679999351501,5694350.0,4.63964763542974,85.0,24.283
Mexico,857490.47,187,2019-01-01,MX,484,10434.5783651735,,69.63210927,17.8659270135226,32.700539755772,3.48,99.6,97.561569,80.444,125085311.0,0.283939987421036,83031838.0,0.995420945597483,29.0,32.836999999999996
India,811459.19,251,2019-01-01,IN,356,2050.1638002619,,29.52351142,67.9185382253256,54.8420628663686,6.51,95.8859405517578,83.25286162,34.472,1383112050.0,0.659420013427734,925771433.0,0.140423486368261,41.0,34.959
Saudi Arabia,786636.98,124,2019-01-01,SA,682,23405.7060995766,,95.7247356,9.8563998566217,53.6404732035023,5.64,99.99,115.2711969,84.065,35827362.0,,25696441.0,0.706613946411834,53.0,32.867000000000004
Turkey,783886.2,202,2019-01-01,TR,792,9215.44087472889,4.45403003692627,73.97670229,11.5327967627237,44.0241476777053,13.67,100.0,96.77676962,75.63,82579440.0,1.32146000862122,56275313.0,1.48097208902116,39.0,32.25
New Zealand,770361.75,101,2019-01-01,NZ,554,42796.4305818389,5.17202997207642,89.86372003,20.8771276155191,39.8617287418355,4.11,100.0,121.2131234,86.615,4979200.0,1.40640997886658,3257548.0,16.5484803029826,87.0,27.76
Israel,727147.8,77,2019-01-01,IL,376,44452.2325623093,6.05673980712891,86.78787762,78.9029056601095,50.285255336868,3.8,100.0,135.9213376,92.501,9054000.0,5.2156400680542,5439187.0,3.19015934572142,60.0,28.546
Pakistan,638113.55,105,2019-01-01,PK,586,1437.1658330724,2.21491765975952,17.07090172,72.9282897370595,42.0395066457971,4.83,93.9,74.07560451,36.907,223293280.0,0.174750000238419,130195040.0,0.121548777909985,32.0,35.308
Czech Republic,588716.02,229,2019-01-01,CZ,203,23664.8478631108,4.54246997833252,80.86694441,50.560884127603,49.1927703139497,2.01,100.0,124.3382405,73.921,10671870.0,1.92734003067017,6863717.0,4.17943947726051,56.0,22.024
Kazakhstan,526841.8,105,2019-01-01,KZ,398,9812.59552626324,2.8569700717926,81.87762047,14.7541385470144,52.1811722012905,4.8,100.0,137.1299254,57.54,18513673.0,0.118409998714924,11743234.0,2.80051945695489,34.0,28.924999999999997
Singapore,513983.22,221,2019-01-01,SG,702,66070.4868123062,2.72968006134033,88.94925269,43.2964380922713,49.4298371724014,3.1,100.0,154.0006188,100.0,5703569.0,1.8850599527359,4311715.0,10.1928945076645,85.0,27.073
Belarus,498195.48,115,2019-01-01,BY,112,6837.76832136779,4.97948980331421,82.78915209,48.2975347182609,42.9411161614436,4.16,100.0,120.1910673,79.044,9419758.0,0.577329993247986,6308566.0,1.36278123326296,45.0,24.175
Portugal,484187.54,241,2019-01-01,PT,620,23330.817288932,4.63002014160156,75.34637794,26.0382451597594,41.2490959988616,6.46,100.0,115.7418865,65.764,10286263.0,1.39561998844147,6619299.0,7.07788130387014,62.0,21.502
Slovenia,474904.51,51,2019-01-01,SI,705,26042.4463468032,4.8964900970459,83.1083578,35.8850794616929,49.4325300594071,4.45,100.0,118.8876247,54.822,2088385.0,2.04128003120422,1360022.0,2.89413432749672,60.0,21.881999999999998
Slovakia,410407.72,64,2019-01-01,SK,0,19381.8905468746,4.27319002151489,82.8536605,43.4945115033743,45.2151928823059,5.75,100.0,135.6735811,53.729,5454147.0,0.822409987449646,3703157.0,5.52081149432631,50.0,24.765
Lithuania,363173.02,88,2019-01-01,LT,440,19615.5491450175,3.96757006645203,81.58186838,27.9892846130037,29.7235049865166,6.26,100.0,130.0157981,67.855,2794137.0,0.993529975414276,1811934.0,3.26829198142898,60.0,23.604
Croatia,278584.65,54,2019-01-01,HR,191,15120.9029026824,3.95437002182007,79.07978368,22.1093832558138,45.5854428859131,6.62,100.0,106.6565741,57.242,4065253.0,1.07963001728058,2628491.0,5.5739559545871,47.0,23.066000000000003
Kyrgyzstan,274785.8,15,2019-01-01,KG,0,1451.51563835807,5.36674976348877,64.1,14.9286323287507,14.9114803415081,4.25,99.8846740722656,136.3543926,36.591,6456200.0,0.090159997344017,3985939.0,,30.0,34.416000000000004
Latvia,260362.38,83,2019-01-01,LV,428,17883.3494113217,4.42054986953735,86.13545644,41.7197349101178,44.0737763574965,6.31,100.0,108.0924889,68.222,1913822.0,0.636269986629486,1212103.0,7.91329763895899,56.0,22.425
Bosnia and Herzegovina,248754.99,19,2019-01-01,BA,070,6094.72482322311,,69.94634763,29.7342704516306,17.5864127840002,15.69,100.0,111.7477784,48.626,3360711.0,0.190009996294975,2279522.0,1.13293252935305,36.0,24.897
Hungary,231844.1,127,2019-01-01,HU,348,16786.2136399075,4.22488021850586,80.37169361,48.931367580811,59.5160990660652,3.42,100.0,105.1259564,71.644,9771141.0,1.47291004657745,6433226.0,3.94252881777892,44.0,23.381
Ireland,230873.97,78,2019-01-01,IE,372,80848.3019020489,,87.00005524,80.5609052834918,86.2282597518297,4.95,100.0,105.3980591,63.405,4934340.0,1.22527003288269,3222077.0,7.07484008622393,74.0,25.099
Greece,217996.22,95,2019-01-01,GR,300,19143.8876174584,3.58606004714966,75.67120669,10.2753730633318,18.5457491833201,17.31,100.0,112.370475,79.388,10721582.0,1.27496004104614,6845559.0,1.7414881495947,48.0,21.246
Bolivia,207351.83,11,2019-01-01,BO,068,3472.38083136442,8.09103965759277,47.47481911,10.1511160335816,34.9476763469904,3.68,95.08,99.24869117,69.773,11777315.0,,7455693.0,,31.0,35.861
Chile,193101.49,121,2019-01-01,CL,152,14632.6903076927,5.61996984481812,85.01758384,27.2478522578166,44.5372594893948,7.27,100.0,131.5774455,87.643,19039485.0,0.342049986124039,13146408.0,10.6558826604991,67.0,30.767
Macao,180421.62,17,2019-01-01,MO,446,82998.6361006441,3.05862998962402,86.46792571,1.20704294480795,36.0233533803252,1.75,100.0,420.8530977,100.0,663653.0,0.246659994125366,497448.0,,,30.941
Tunisia,150616.17,18,2019-01-01,TN,788,3477.83618091653,,66.6999983,53.2322644524735,23.3526358981472,15.13,100.0,122.5882901,69.254,12049314.0,0.746580004692078,8040015.0,2.00023827209961,43.0,29.934
United Arab Emirates,131597.67,50,2019-01-01,AE,784,45376.1708381558,3.86020994186401,99.14999796,,,2.33,100.0,212.804439,86.789,9211657.0,1.31064999103546,7720914.0,2.74853178670381,71.0,44.312
South Africa,119448.11,94,2019-01-01,ZA,710,6702.52661666304,5.92770004272461,69.69687508,26.1570333910893,39.7143259152254,25.54,85.0,166.9433215,66.856,58087055.0,0.614300012588501,37933572.0,10.6583834753832,44.0,35.533
North Macedonia,115936.88,22,2019-01-01,MK,0,6070.38805358275,,81.41288276,52.8613101147453,49.9194916279182,17.39,100.0,90.86343805,58.208,2076694.0,0.367830008268356,1443773.0,3.92698351329706,35.0,28.123
Uzbekistan,103733.93,21,2019-01-01,UZ,860,1795.20176845657,6.29534673690796,70.39999865,10.4040589917002,6.42587555516374,5.861,99.9989929199219,101.2222235,50.433,33580350.0,0.113059997558594,22105578.0,2.71893400833215,25.0,34.701
Egypt,88899.2,27,2019-01-01,EG,0,3017.25833578941,,57.2828664,12.0991596974112,32.3471488808032,7.851,100.0,90.26837878,42.73,105618671.0,0.796169996261597,65512638.0,0.227729569565592,35.0,33.432
Uruguay,77249.08,24,2019-01-01,UY,858,18098.361548609,4.64130020141602,83.35153377,41.2927928720665,45.0066340329775,8.73,99.9,132.0241348,95.426,3428409.0,0.426670014858246,2216931.0,1.50426910140044,71.0,28.884
Iceland,74029.46,46,2019-01-01,IS,352,68452.23622306,7.60675001144409,99.50494117,18.6520213687827,34.9833026076516,3.51,100.0,114.5997217,93.855,360563.0,2.34165000915527,240991.0,9.35963736193577,78.0,29.011000000000003
Iraq,69429.7,38,2019-01-01,IQ,368,5621.18169491752,,44.32634655,41.2069366057641,6.26025042751116,15.11,99.9910278320313,89.56113197,70.678,41563520.0,0.032660000026226,24012914.0,,20.0,34.775000000000006
Mongolia,65371.08,28,2019-01-01,MN,496,4394.94715044543,3.65236973762512,51.07999408,26.3951395825637,33.5339164803202,5.443,98.9232559204102,136.705791,68.543,3232430.0,0.0926999971270561,2072919.0,5.94012563210711,35.0,31.772000000000002
Dominican Republic,60124.87,39,2019-01-01,DO,214,8173.34469885261,4.04276895523071,79.71545398,11.2316857188858,34.5826875205486,6.18,99.0,82.22940664,81.828,10881882.0,,7110539.0,,28.0,33.88999999999999
Colombia,60087.93,55,2019-01-01,CO,170,6436.50921529527,4.51069021224976,65.00690072,26.5203277511519,30.4831526151344,9.96,99.4442596435547,132.0713308,81.104,50187406.0,0.322010010480881,34864151.0,2.16290891184714,37.0,34.076
Algeria,50973.35,12,2019-01-01,DZ,012,4021.9832660524,6.03690671920776,58.97757455,64.7622363384002,57.0383946722636,10.495,99.5,106.3696091,73.189,42705368.0,,27191521.0,,35.0,30.787
Cuba,45402.33,16,2019-01-01,CU,192,9139.38051005519,9.04696941375732,67.97080866,,,1.2,99.8,53.39569959,77.109,11316697.0,0.553080022335052,7779726.0,,48.0,26.135
Syrian Arab Republic,38854.08,8,2019-01-01,SY,760,1124.52055370091,,34.65,,,8.742,89.2305679321289,88.23642913,54.821,20098251.0,,11920137.0,,13.0,32.782000000000004
Morocco,38572.69,27,2019-01-01,MA,504,3498.58276367188,5.00325679779053,84.12036305,37.8913171076337,34.5242155563313,9.242,99.6,127.9529984,62.994,36304408.0,,23897197.0,2.08189229656051,41.0,32.120000000000005
Malta,38526.34,39,2019-01-01,MT,470,31727.0070746362,4.93738985061646,85.77859638,64.2597308956656,69.4340753284367,3.62,100.0,125.9617103,94.678,504062.0,0.56427001953125,342157.0,12.7621174347287,54.0,28.708999999999996
Albania,37459.64,14,2019-01-01,AL,008,5396.2142432843,3.91623997688293,68.55039112,31.1888876597377,13.3353941272756,11.47,100.0,91.51642864,61.229,2854191.0,,1937930.0,1.63353829825162,35.0,30.185
Cambodia,37136.78,56,2019-01-01,KH,116,1671.3854000919,2.82565474510193,52.30587822,8.12265933802307,15.5031312869794,0.146,84.0,132.1508925,23.805,16207746.0,,10544941.0,0.907710892993785,20.0,34.542
Luxembourg,36867.34,16,2019-01-01,LU,442,112726.439672814,3.73954010009766,97.12063569,32.3592982114954,39.8790707862816,5.59,100.0,131.9105832,91.223,620001.0,1.18287003040314,431090.0,,80.0,26.934
Azerbaijan,32767.62,48,2019-01-01,AZ,031,4805.75371765917,3.1764600276947,81.09999907,22.1571315492534,48.6389251376969,4.85,100.0,105.0577494,56.031,10024283.0,0.200130000710487,6951369.0,2.23201010103022,30.0,31.79
"Iran, Islamic Republic of",32656.74,53,2019-01-01,IR,0,3276.75326508099,3.25775003433228,72.45090477,,,10.74,100.0,136.3859613,75.391,86564202.0,0.788290023803711,59806077.0,,26.0,32.563
Costa Rica,28138.87,29,2019-01-01,CR,188,12669.3411549351,6.73808002471924,81.20259644,53.9507502505339,35.9668243771215,10.81,99.71,143.7687874,80.076,5084532.0,,3501710.0,4.71378809561182,56.0,32.171
Armenia,26845.97,10,2019-01-01,AM,051,4828.50488626598,2.57191228866577,66.54394969,23.8252800173561,11.5472974936072,12.2,100.0,128.2969735,63.219,2820602.0,0.178540006279945,1908739.0,3.43185592692547,42.0,30.250999999999998
Kuwait,24611.09,19,2019-01-01,KW,414,30666.2371314234,,99.54267645,61.6614750589495,28.4406586462813,2.156,100.0,164.9822792,100.0,4441100.0,0.191459998488426,3359191.0,6.8877342665251,40.0,24.136
Georgia,17885.1,21,2019-01-01,GE,268,4696.15058555612,3.86666989326477,68.84671356,6.29419511883735,14.4534902656169,11.57,100.0,142.7295197,59.039,3720161.0,0.284680008888245,2414168.0,9.35451060685876,56.0,26.162
Bahrain,14879.49,5,2019-01-01,BH,048,25869.1129129041,2.38460445404053,99.70150438,17.7792627241341,7.13092799747912,1.181,100.0,128.4065325,89.394,1494188.0,,1150279.0,,42.0,37.802
"Moldova, Republic of",13143.1,10,2019-01-01,MD,0,4404.95042249597,6.22576999664307,57.76048611,47.8558243466434,31.6345492961332,5.1,100.0,116.2198572,42.726,2664224.0,0.241449996829033,1798902.0,,32.0,27.976
Venezuela,12193.37,31,2019-01-01,VE,862,,,,,,5.092,99.8447799682617,63.77343008,88.24,28971683.0,,18476193.0,,16.0,30.593
Paraguay,11720.03,17,2019-01-01,PY,600,5807.83879407975,3.48983025550842,68.51762842,36.2100219759387,20.0475606413952,6.59,99.7,118.8639678,61.879,6530026.0,0.137510001659393,4214039.0,0.225089422190147,28.0,35.861000000000004
Lao People's Democratic Republic,11299.61,38,2019-01-01,LA,0,2598.50552320723,2.12201404571533,47.03225806,4.1674175309483,3.70405513727242,3.273,98.397346496582,64.29411986,35.645,7212053.0,,4621574.0,0.197805826248767,29.0,37.203
Guatemala,11219.92,6,2019-01-01,GT,320,4647.80754129437,3.19297003746033,44.40104984,49.2107710539523,20.8868310465143,2.19,95.4291458129883,122.0257077,51.439,16604026.0,0.0264199990779161,10163685.0,0.630091451811779,26.0,37.783
Ecuador,10249.84,18,2019-01-01,EC,218,6233.25816692363,4.22565984725952,59.2,11.28474539437,19.3899295364421,3.81,99.09,91.40531396,63.986,17343740.0,,11388419.0,,38.0,34.672
Nicaragua,7563.83,5,2019-01-01,NI,558,1905.63832831484,4.59991979598999,44.91635601,57.6214405360134,20.898666042593,5.202,85.661979675293,86.86221512,58.76,6663924.0,,4286891.0,,22.0,36.762
Panama,1338.51,9,2019-01-01,PA,591,16472.8317470488,3.09329414367676,63.62841477,8.65547290107086,26.911120409079,6.33,93.9,137.6404715,68.059,4232532.0,0.119039997458458,2746092.0,5.8692297728898,36.0,31.642
Sri Lanka,210.0,1,2019-01-01,LK,144,4082.69404871533,,50.68732735,15.7611868564177,15.2519292267309,4.67,99.7613525390625,130.9608639,18.585,21803000.0,,14307585.0,,38.0,28.869
Bangladesh,200.0,1,2019-01-01,BD,050,2122.07839667492,1.68138802051544,27.76,81.3715919297606,19.2617765258453,4.382,92.2,100.0336994,37.405,165516222.0,,110894720.0,,26.0,36.568
Trinidad and Tobago,72.0,1,2019-01-01,TT,780,15642.4067190576,3.59864854812622,78.96497802,13.0053030231216,48.5720873528137,3.52,100.0,142.3545434,53.187,1519955.0,0.059409998357296,1067469.0,4.71252648249752,40.0,29.556
