country,total_earnings,total_players,year,iso,code,pbicap,internet,exp_tech,elect_acc,poblacion,age_work,life_exp,CPI,gdp_gr
China,19362709.9,1445,2017-01-01,CN,156,8817.04560829162,54.3,60.8835235723781,100.0,1396215000.0,986411437.0,77.248,41.0,6.30186310041572
United States,15558242.09,3452,2017-01-01,US,840,59907.754260885,87.27488917,48.2347490605667,100.0,325122128.0,214183259.0,78.5390243902439,75.0,1.59713559028371
"Korea, Republic of",12245056.2,979,2017-01-01,KR,0,31600.7358741365,95.06942188,53.7278723942685,100.0,51361911.0,37533636.0,82.6268292682927,54.0,2.87019696151147
Denmark,5040889.52,387,2017-01-01,DK,208,57610.0981801135,97.09936216,34.66869237513,100.0,5764980.0,3693665.0,81.1024390243903,88.0,2.16235511316154
Germany,4990949.69,796,2017-01-01,DE,276,44652.5891722719,84.3941537,57.2249831173082,100.0,82657002.0,53973322.0,80.9926829268293,81.0,2.29720604740949
Sweden,4836033.69,635,2017-01-01,SE,752,53791.5087298403,93.00626697,66.3101868291461,100.0,10057698.0,6293336.0,82.409756097561,84.0,1.19514757132167
Finland,4011913.4,371,2017-01-01,FI,246,46412.1364777169,87.46892907,71.7717093216964,100.0,5508214.0,3451227.0,81.6317073170732,85.0,2.95053137282473
France,3886687.25,829,2017-01-01,FR,250,38781.0494870836,80.50245972,54.3272771954325,100.0,66918020.0,41566422.0,82.5756097560976,70.0,1.99499844733441
Russian Federation,3773915.68,667,2017-01-01,RU,643,10720.33203125,76.00813853,47.5596088311388,100.0,144496739.0,98705692.0,72.4514634146342,29.0,1.70938569423402
Brazil,3404463.0,758,2017-01-01,BR,076,9896.71889500528,67.47128452,64.6838620508214,99.8,208504960.0,145586706.0,74.827,37.0,0.523296588574212
Canada,2986896.2,582,2017-01-01,CA,124,45129.4292980922,92.70137191,49.1421913129876,100.0,36545236.0,24502656.0,81.8329268292683,82.0,1.80530567584421
United Kingdom,2920018.86,679,2017-01-01,GB,826,40572.1214823783,90.42455049,50.6190158354346,100.0,66058859.0,42264767.0,81.2560975609756,82.0,1.96002099357008
Ukraine,2853966.33,173,2017-01-01,UA,804,2638.32543945313,58.88947945,48.4308081162676,100.0,44831135.0,30583925.0,71.7809756097561,30.0,2.81064547083641
Jordan,2735011.78,20,2017-01-01,JO,400,4073.11640314668,64.5,12.2406639004149,100.0,10215381.0,6373840.0,75.502,48.0,-0.041500684924813
Bulgaria,2638139.17,96,2017-01-01,BG,100,8381.88134621669,63.41010138,27.7910696438076,98.0648651123047,7075947.0,4577516.0,74.8146341463415,43.0,3.4991755485791
Australia,2582180.04,601,2017-01-01,AU,036,53954.553494614,86.54504885,21.1452715612542,100.0,24592588.0,16164960.0,82.5,77.0,0.647495218504773
Poland,2460587.91,616,2017-01-01,PL,616,13815.4999463758,75.98536595,49.8234493687238,100.0,37974826.0,25909730.0,77.7536585365854,60.0,5.12689681500834
Lebanon,2450968.76,23,2017-01-01,LB,422,8679.89742212366,78.18077489,26.1237952327599,99.8519134521484,6109252.0,4008793.0,79.654,28.0,3.37003795273026
Philippines,2285223.39,169,2017-01-01,PH,608,3077.43441889625,41.6,71.8775356399066,93.0,106738501.0,67521710.0,71.516,34.0,5.06439325253496
Malaysia,1125729.13,173,2017-01-01,MY,458,9979.70447282371,80.14047901,36.1540926119023,99.9786987304688,31975806.0,22181826.0,75.476,47.0,4.32563033470905
Netherlands,1046676.56,263,2017-01-01,NL,528,48675.2223350213,93.19727891,67.7656274514988,100.0,17131296.0,11176625.0,81.7609756097561,82.0,2.30428473259315
Japan,922014.45,245,2017-01-01,JP,392,38834.0529341227,91.72654724,56.6829095542989,100.0,126972000.0,75084846.0,84.099756097561,73.0,1.75861180161441
Viet Nam,883883.63,341,2017-01-01,VN,0,2992.07153198845,58.14,,100.0,94033048.0,65217933.0,73.963,35.0,5.90924097336334
Thailand,839933.53,321,2017-01-01,TH,764,6436.78965986703,52.89192934,15.3324377795067,99.9,70898202.0,50431858.0,78.394,37.0,3.74984374367759
Norway,748131.21,170,2017-01-01,NO,578,76131.8384032764,96.3576013,33.2245098434303,100.0,5276968.0,3452963.0,82.609756097561,85.0,1.63950714511496
Spain,654886.78,336,2017-01-01,ES,724,28185.3213671969,84.6022457,28.1793381286481,100.0,46593236.0,30715847.0,83.2829268292683,57.0,2.73447515505379
Kazakhstan,628416.48,55,2017-01-01,KZ,398,9247.58067886159,76.42674823,12.4088893941983,100.0,18037776.0,11657941.0,72.95,31.0,2.69343213630073
Mexico,568544.55,94,2017-01-01,MX,484,9693.33009125499,53.03178861,18.3072140248013,100.0,122839258.0,80964835.0,74.138,29.0,0.777009677575364
Macao,560661.66,3,2017-01-01,MO,446,78896.2747485132,83.17408907,1.91107323855538,100.0,638609.0,490488.0,84.563,,7.80925542596262
Turkey,498586.08,155,2017-01-01,TR,792,10695.550196231,64.68461768,13.0496007114932,100.0,80312698.0,55023704.0,77.141,40.0,6.11695888825578
Italy,473800.93,227,2017-01-01,IT,380,32406.7203150134,63.077347,39.7849340273355,100.0,60536709.0,38770686.0,82.9463414634147,50.0,1.82033385192226
Israel,473041.17,51,2017-01-01,IL,376,41114.7817082553,81.58118359,76.5927352613681,100.0,8713300.0,5262154.0,82.5512195121951,62.0,2.27442977959885
Slovakia,465470.23,72,2017-01-01,SK,0,17585.197002257,81.62566752,42.0586859182013,100.0,5439232.0,3763872.0,77.1658536585366,50.0,2.7784542927246
Estonia,461646.45,71,2017-01-01,EE,233,20437.765376736,88.10245687,45.2223056229356,100.0,1317384.0,846482.0,78.0926829268293,71.0,5.66403908236126
Singapore,443819.72,167,2017-01-01,SG,702,61164.8973569773,84.45226789,41.574314333453,100.0,5612253.0,4340011.0,83.0951219512195,84.0,4.45214734181411
Belarus,424370.89,65,2017-01-01,BY,112,5785.53397723676,74.43644541,44.7477609674645,98.7420120239258,9458989.0,6413187.0,74.1292682926829,44.0,2.64424708758548
Peru,402148.78,103,2017-01-01,PE,604,6676.30879274916,50.45041218,14.56078810278,94.8,31605486.0,20270676.0,75.879,37.0,0.985513944113038
Bosnia and Herzegovina,349318.6,13,2017-01-01,BA,070,5327.39230422044,64.89202051,32.0630212138977,100.0,3440027.0,2369660.0,76.935,38.0,4.47338640670523
Czech Republic,348030.3,159,2017-01-01,CZ,203,20636.199952435,78.71917285,48.3064863142683,100.0,10594438.0,6928654.0,78.9780487804878,57.0,4.88972204225595
Belgium,282227.2,117,2017-01-01,BE,056,44198.4823908691,87.67968082,62.3990940286386,100.0,11375158.0,7333843.0,81.4926829268293,75.0,1.22886623616918
Pakistan,278361.7,16,2017-01-01,PK,586,1567.6406123353,13.78,76.8277806220806,92.6610260009766,216379655.0,125260953.0,66.297,32.0,3.05478922007623
Dominican Republic,270184.87,5,2017-01-01,DO,214,7513.49798180543,67.57124533,10.7081564447656,100.0,10647244.0,6939526.0,73.063,29.0,3.49047723780494
Hong Kong,249062.25,90,2017-01-01,HK,0,46160.429791493,89.41594465,17.9954160415993,100.0,7393200.0,5281200.0,84.6804878048781,77.0,3.00147302092924
South Africa,246525.58,182,2017-01-01,ZA,710,6734.47515314548,56.16739447,25.1700934433105,84.4,56641209.0,37200003.0,65.402,43.0,0.766941612663501
Croatia,245289.88,56,2017-01-01,HR,191,13592.2545240617,67.09619204,20.3141231624765,100.0,4124531.0,2702875.0,77.8268292682927,49.0,4.64848201109673
Chile,216088.06,97,2017-01-01,CL,152,15034.0584252287,82.32748693,23.8798558163973,99.7,18368577.0,12668844.0,80.35,67.0,-0.213266442244986
Romania,215696.97,73,2017-01-01,RO,642,10727.9708633184,63.74728218,56.4628214906337,100.0,19588715.0,13041212.0,75.309756097561,48.0,8.82370076808195
Indonesia,209109.1,159,2017-01-01,ID,360,3839.78507460491,32.33580625,31.5612970630038,98.14,264498852.0,177789493.0,69.936,37.0,4.0176256075747
Portugal,206608.22,204,2017-01-01,PT,620,21490.429863104,73.79121395,26.2866882162595,100.0,10300300.0,6667487.0,81.4243902439025,63.0,3.75909438887767
Argentina,203828.09,137,2017-01-01,AR,032,14613.0356486571,74.29490687,51.7704545722724,100.0,44044811.0,28304390.0,76.833,39.0,1.75764818265694
Saudi Arabia,180086.05,14,2017-01-01,SA,682,20910.4829617971,94.17559961,5.75494897226612,99.97,34193122.0,24270519.0,77.16,49.0,-2.34006849997688
Austria,178450.85,79,2017-01-01,AT,040,47429.1584564387,87.93558659,41.2469255549542,100.0,8797566.0,5893061.0,81.6439024390244,75.0,1.55072408627153
New Zealand,177418.3,75,2017-01-01,NZ,554,42910.9728362488,87.7,18.3292172351476,100.0,4813600.0,3148198.0,81.8585365853659,89.0,1.38450151633268
Greece,166332.7,98,2017-01-01,GR,300,18582.0893411631,69.89297065,11.7000110915543,100.0,10754679.0,6905510.0,81.2878048780488,48.0,1.29229029026882
Ireland,136078.64,30,2017-01-01,IE,372,70150.7370157965,84.11400706,75.0573371810213,100.0,4807388.0,3141774.0,82.1560975609756,74.0,8.12766876172294
Hungary,130232.92,93,2017-01-01,HU,348,14621.2395956755,76.75054712,51.3105365353617,100.0,9787966.0,6524984.0,75.8170731707317,45.0,4.54956329828929
Switzerland,106571.96,79,2017-01-01,CH,756,82254.3769269767,89.68614767,53.7589053538749,100.0,8451840.0,5653337.0,83.5512195121951,85.0,0.421326163056477
Lithuania,91130.25,74,2017-01-01,LT,440,16885.4073948373,77.61525651,26.1509606584827,100.0,2828403.0,1852440.0,75.4804878048781,59.0,5.75104655735379
India,86484.89,169,2017-01-01,IN,356,1957.96981329558,18.2,64.5539268882946,91.7941589355469,1354195680.0,898694113.0,70.467,40.0,5.5683335179763
North Macedonia,78116.51,5,2017-01-01,MK,0,5450.49706853299,74.51682418,55.2350786144006,99.9943161010742,2074502.0,1450362.0,75.9536585365854,35.0,0.98373642544189
Colombia,69260.16,30,2017-01-01,CO,170,6449.97098726076,62.25988032,28.3381335917099,98.5,48351671.0,33347909.0,76.646,37.0,-0.161953874918439
Slovenia,62699.43,26,2017-01-01,SI,705,23514.0254604147,78.88542636,34.573613136235,100.0,2066388.0,1367747.0,81.0292682926829,61.0,4.74710618321161
Latvia,60927.95,72,2017-01-01,LV,428,15695.1151541059,80.114077,34.1675521806775,100.0,1942248.0,1245192.0,74.6292682926829,58.0,4.23211616536913
United Arab Emirates,50351.63,24,2017-01-01,AE,784,43063.9674770763,94.81992254,,100.0,9068296.0,7671386.0,79.504,71.0,-0.0873260721437106
Algeria,35959.68,17,2017-01-01,DZ,012,4134.93608656171,47.69105515,62.3313168769556,99.5300216674805,41136546.0,26594763.0,75.743,33.0,-0.663171195012765
Bahrain,33195.0,2,2017-01-01,BH,048,24349.9098701325,95.87813575,19.2563609952672,100.0,1456834.0,1125298.0,79.689,36.0,0.913957633052064
Mongolia,32116.97,29,2017-01-01,MN,496,3708.24822134669,23.71426517,23.2887110761718,93.6207580566406,3096030.0,2031574.0,70.237,36.0,3.36874224166412
Iraq,31920.6,10,2017-01-01,IQ,368,4725.19357334032,26.0,40.5614015585371,99.8843765258789,39621162.0,22655700.0,70.413,18.0,-4.10746396999446
"Moldova, Republic of",27521.74,7,2017-01-01,MD,0,3454.95469039113,49.9,41.1100118086363,99.98,2755189.0,1896287.0,70.516,31.0,5.99041199822246
Uruguay,22952.49,14,2017-01-01,UY,858,18995.3970195554,70.3223544,35.7723999415018,99.8,3422200.0,2201142.0,77.625,70.0,1.48963768853973
Kuwait,19250.07,24,2017-01-01,KW,414,29258.2663270479,97.99998933,54.1437998095874,100.0,4124904.0,3120729.0,79.781,39.0,-6.4866737410414
Kyrgyzstan,15648.53,14,2017-01-01,KG,0,1242.77022029305,50.8,19.6151540497232,100.0,6198200.0,3886971.0,71.2,29.0,2.73409189148251
Iceland,14681.24,27,2017-01-01,IS,352,72010.1490316258,98.25520119,15.7722825127336,100.0,343400.0,228127.0,82.6609756097561,77.0,1.7794101347671
Armenia,13960.05,4,2017-01-01,AM,051,4041.99507105058,64.74488433,27.2776956725188,99.7,2851923.0,1958831.0,74.906,35.0,8.02439704883481
Morocco,13488.7,13,2017-01-01,MA,504,3288.50268554688,61.76221201,37.6977362726894,100.0,35528115.0,23458102.0,73.66,40.0,3.79227702365303
Venezuela,11541.34,37,2017-01-01,VE,862,,61.6,,99.2,30563433.0,19854390.0,71.943,18.0,
Ecuador,10263.49,5,2017-01-01,EC,218,6246.40425217932,55.8,12.3394752455428,99.2,16696944.0,10842807.0,76.972,32.0,0.790527393070477
Malta,9250.25,50,2017-01-01,MT,470,28813.1853396512,81.01191108,57.8901368878746,100.0,467999.0,317022.0,82.3463414634146,56.0,7.87413426177386
Nicaragua,9091.07,1,2017-01-01,NI,558,2127.28281786358,30.4,41.743708269132,84.6272811889648,6480532.0,4143383.0,73.554,26.0,3.15679440191678
Tunisia,7215.41,12,2017-01-01,TN,788,3569.71883883673,55.50015506,26.2202358407191,100.0,11811443.0,7963949.0,75.845,42.0,1.14914305986389
Egypt,6748.68,12,2017-01-01,EG,0,2439.96728439968,44.95020425,14.2239945124979,100.0,101789386.0,63148640.0,71.302,32.0,2.12874338092006
Cambodia,5468.82,6,2017-01-01,KH,116,1400.89926522987,32.90027854,8.63675076225715,89.07,15830689.0,10289375.0,70.515,21.0,5.60387545950492
Panama,5457.14,4,2017-01-01,PA,591,15185.9724813803,59.9506309,7.2736278987946,93.7,4096063.0,2652304.0,77.795,37.0,3.79367797647103
Georgia,4256.13,28,2017-01-01,GE,268,4356.92801624893,59.7055046,7.46114415477657,100.0,3728004.0,2449123.0,73.57,56.0,4.82856985509574
Sri Lanka,3663.4,16,2017-01-01,LK,144,4388.20190593728,32.25,13.8817252239948,97.5,21506813.0,14148610.0,75.403,38.0,6.05814482142807
Uzbekistan,3512.18,3,2017-01-01,UZ,860,1916.76462520814,48.69999885,14.9806338084957,99.9721069335938,32388600.0,21583420.0,71.01,22.0,2.65248473333584
Azerbaijan,3136.66,7,2017-01-01,AZ,031,4147.1981423222,79.0,14.4114704275773,100.0,9854033.0,6857549.0,72.248,31.0,-0.778416126232784
Guatemala,2884.54,9,2017-01-01,GT,320,4454.02450948165,37.9,50.0947888553685,93.3,16087418.0,9710165.0,72.551,28.0,1.41564884120322
Albania,2868.16,2,2017-01-01,AL,008,4531.03220675893,62.4,31.5255115049876,99.89,2873457.0,1958423.0,79.047,38.0,3.89811226746693
Bolivia,2108.25,2,2017-01-01,BO,068,3280.0082139387,43.83227607,15.7154637104714,91.8,11435533.0,7169627.0,67.701,33.0,2.62330333561857
Syrian Arab Republic,1606.37,3,2017-01-01,SY,760,862.319063332871,32.7,,89.6331405639648,18983373.0,10611018.0,68.481,14.0,-0.823278239065289
Lao People's Democratic Republic,1344.55,5,2017-01-01,LA,0,2439.4633552251,25.51043508,4.43159979019361,93.6,6997917.0,4444122.0,67.434,29.0,5.26492843977357
Cuba,1155.0,2,2017-01-01,CU,192,8543.33006731328,57.14840432,,99.3961868286133,11336405.0,7826960.0,77.529,47.0,1.8601470216456
Bangladesh,935.65,10,2017-01-01,BD,050,1815.61026180185,19.8,74.8471711687239,88.0,161793964.0,106941690.0,71.788,28.0,5.26645987037224
Trinidad and Tobago,594.75,1,2017-01-01,TT,780,16258.7489291438,70.6,11.3028450441756,100.0,1478607.0,1042695.0,74.23,41.0,-5.39810957258538
"Iran, Islamic Republic of",381.6,9,2017-01-01,IR,0,5758.59072766807,64.04397362,,99.94,84505076.0,58960922.0,75.971,30.0,1.30070500404484
Costa Rica,309.65,2,2017-01-01,CR,188,12118.1336248174,71.58166462,51.1374651926788,99.6,4993842.0,3438731.0,79.377,59.0,3.14326598585389
Luxembourg,130.65,3,2017-01-01,LU,442,110193.213797228,97.36296032,27.3298244840363,100.0,596336.0,414662.0,82.0951219512195,82.0,-1.11611296239622
Paraguay,112.5,1,2017-01-01,PY,600,6136.0583014952,61.07575622,26.9579427772447,99.3,6355404.0,4086043.0,73.644,29.0,3.34581598704227
United States,30734903.29,4413,2018-01-01,US,840,62823.309438197,88.49890317,48.099867713406,100.0,326838199.0,214704199.0,78.6390243902439,71.0,2.40486787201
China,22867997.81,1459,2018-01-01,CN,156,9905.40638307759,59.2,61.0598249158442,100.0,1402760000.0,983747117.0,77.744,39.0,6.25170055573298
"Korea, Republic of",14523910.29,1283,2018-01-01,KR,0,33447.1562836166,96.02285958,51.6023245159268,100.0,51585058.0,37547256.0,82.6268292682927,57.0,2.46224621613314
Denmark,10621239.74,433,2018-01-01,DK,208,61591.9288698958,97.31920437,36.487140193403,100.0,5793636.0,3704032.0,80.9536585365854,88.0,1.4850851572351
Finland,7588236.19,365,2018-01-01,FI,246,49987.6261584968,88.88996,71.051266005123,100.0,5515525.0,3437072.0,81.7341463414634,85.0,1.00565417029748
Russian Federation,7192141.63,895,2018-01-01,RU,643,11287.3544921875,80.86472187,45.0324102376256,100.0,144477859.0,98032627.0,72.6621951219512,28.0,2.81552410737709
Sweden,6508094.15,554,2018-01-01,SE,752,54589.0603860606,89.24696316,64.6129578093831,100.0,10175214.0,6350231.0,82.5585365853659,85.0,0.772577449000039
France,6503944.84,1076,2018-01-01,FR,250,41557.8548588876,82.04318678,54.9851924919308,100.0,67158348.0,41540363.0,82.6756097560976,72.0,1.50053912327405
Canada,5371767.32,781,2018-01-01,CA,124,46548.6384108296,94.64,51.0720114947047,100.0,37065084.0,24742773.0,81.8439024390244,81.0,1.30196510359595
Germany,4569041.71,908,2018-01-01,DE,276,47939.2782884504,87.03711209,57.6167238258455,100.0,82905782.0,53871540.0,80.8926829268293,80.0,0.678212594110718
Australia,4248900.79,780,2018-01-01,AU,036,57273.5204750079,90.0,21.0884300782906,100.0,24963258.0,16363671.0,82.7487804878049,77.0,1.37834535331957
Brazil,3753131.47,820,2018-01-01,BR,076,9121.02099480377,70.43428254,65.6118990353122,99.7,210166592.0,146810991.0,75.109,35.0,0.978938492697395
United Kingdom,3311656.01,870,2018-01-01,GB,826,43203.8141057739,90.69200899,52.1071109570993,100.0,66460344.0,42381437.0,81.2560975609756,80.0,0.791214735013071
Poland,3106044.04,556,2018-01-01,PL,616,15504.5089370714,77.54173454,50.8721610863966,100.0,37974750.0,25647760.0,77.6024390243903,60.0,5.94542050836115
Japan,2859578.33,372,2018-01-01,JP,392,39751.1330982711,88.74635089,56.3611791466227,100.0,126811000.0,74638081.0,84.2109756097561,73.0,0.771168471432347
Ukraine,2656645.2,209,2018-01-01,UA,804,3096.5625,62.55315539,52.2543571608992,100.0,44622518.0,30310243.0,71.5826829268293,32.0,4.01638177635452
Malaysia,2482681.23,284,2018-01-01,MY,458,11073.9789704691,81.20104862,36.3339533779732,99.9971542358398,32399271.0,22521048.0,75.644,47.0,3.47276670505505
Thailand,1998360.24,460,2018-01-01,TH,764,7124.55881041403,56.81748093,16.1423724637989,99.82,71127802.0,50371379.0,78.662,36.0,3.88643966054494
Netherlands,1973346.79,343,2018-01-01,NL,528,53044.5324352253,91.89189189,66.4258129214871,100.0,17231624.0,11216475.0,81.8121951219512,82.0,1.76493726416223
Philippines,1685755.98,256,2018-01-01,PH,608,3194.67270132209,44.1,70.5492670303883,94.189826965332,108568836.0,68903788.0,71.689,36.0,4.54870091782639
Bulgaria,1385781.44,100,2018-01-01,BG,100,9447.65589681469,64.78201069,30.4272502351904,98.6996383666992,7025037.0,4519501.0,74.9634146341464,42.0,3.43913006319094
Turkey,1330935.22,215,2018-01-01,TR,792,9568.83618958168,71.04276084,12.1871892957652,100.0,81407204.0,55641659.0,77.563,41.0,1.62818524031636
Jordan,1145049.27,13,2018-01-01,JO,400,4146.40731063215,65.2,8.36354568299093,99.9,10459865.0,6558046.0,75.774,49.0,-0.463136173887264
Norway,1122846.0,230,2018-01-01,NO,578,82792.8427113304,96.49165799,32.8990535546991,100.0,5311916.0,3467292.0,82.7585365853659,84.0,0.165530155189344
Spain,1096435.49,430,2018-01-01,ES,724,30379.7211126422,86.10723553,28.2105369517846,100.0,46797754.0,30814187.0,83.4317073170732,58.0,1.83746046437267
Israel,1018137.57,59,2018-01-01,IL,376,42406.8454263606,83.73315696,77.8490007942873,100.0,8882800.0,5348879.0,82.8024390243903,61.0,2.08447062883643
Viet Nam,962166.55,359,2018-01-01,VN,0,3267.22506911927,69.84792868,,100.0,94914330.0,65704221.0,73.976,33.0,6.46719149769011
Pakistan,896217.07,66,2018-01-01,PK,586,1620.74259148331,15.34,75.2078666552051,93.3974914550781,219731479.0,127651888.0,66.482,33.0,4.53244520613151
Indonesia,880415.93,360,2018-01-01,ID,360,3902.661675559,39.90463864,33.2232446532929,98.51,267066843.0,179835745.0,70.338,38.0,4.16298429125608
Belgium,879740.22,140,2018-01-01,BE,056,47544.9811472757,88.647343,62.1100924984066,100.0,11427054.0,7346245.0,81.5951219512195,75.0,1.33065222724522
Saudi Arabia,790281.26,36,2018-01-01,SA,682,24175.5833140113,93.31000185,9.0571300677953,99.89,35018133.0,24999581.0,77.212,49.0,0.341212854265805
Czech Republic,779385.52,186,2018-01-01,CZ,203,23424.4804601855,80.68816754,48.2930652301801,100.0,10629928.0,6891614.0,79.0292682926829,59.0,2.87546852691743
Singapore,715483.88,214,2018-01-01,SG,702,66836.521995236,88.16563603,41.7643794776479,100.0,5638676.0,4315261.0,83.2975609756098,85.0,3.09007521518672
Estonia,687358.24,51,2018-01-01,EE,233,23165.8494786437,89.35700777,46.7942440661971,100.0,1321977.0,845484.0,78.2439024390244,73.0,3.42361905839128
Lebanon,683522.3,25,2018-01-01,LB,422,9225.84515486901,80.9,26.2454010232192,99.7,5950839.0,3835213.0,79.729,28.0,0.727150841891671
Italy,556113.88,221,2018-01-01,IT,380,34622.1696664741,74.38718292,39.8727483290273,100.0,60421760.0,38658939.0,83.3463414634146,52.0,1.11781661979235
Switzerland,506836.56,123,2018-01-01,CH,756,85217.3691512274,91.8,55.1829433342814,100.0,8514329.0,5674165.0,83.7536585365854,85.0,2.10552472012415
Mexico,504262.78,135,2018-01-01,MX,484,10130.3206984553,56.6595668,18.2344640315513,99.5,124013861.0,82019095.0,74.015,28.0,1.00624883578185
Slovakia,494821.82,80,2018-01-01,SK,0,19486.3936845505,80.44892248,43.3692315270065,100.0,5446771.0,3732815.0,77.2658536585366,50.0,3.88639887857198
Argentina,419931.42,187,2018-01-01,AR,032,11795.1627452798,77.7,49.559229495675,99.9937362670898,44494502.0,28630919.0,76.999,40.0,-3.60160975657155
Hong Kong,390571.92,106,2018-01-01,HK,0,48537.5668888343,90.50739533,17.2869442075142,100.0,7452600.0,5264190.0,84.9341463414634,76.0,2.02719224044716
Kazakhstan,381054.49,68,2018-01-01,KZ,398,9812.62543137393,78.90391906,13.1217454548306,100.0,18276452.0,11698416.0,73.15,31.0,2.74053637300669
Hungary,348035.19,121,2018-01-01,HU,348,16425.2050299693,76.07436064,50.7415160540973,100.0,9775564.0,6482401.0,76.0658536585366,46.0,5.49601879186557
Greece,345945.04,128,2018-01-01,GR,300,19756.990456255,72.23837339,10.6154601203833,100.0,10732882.0,6872299.0,81.7878048780488,45.0,1.87490316346144
Belarus,307038.5,90,2018-01-01,BY,112,6360.05310087258,79.12988669,44.9966055668703,99.348762512207,9438785.0,6360836.0,74.1756097560976,44.0,3.37043437009008
Croatia,289198.57,46,2018-01-01,HR,191,15040.0369182791,75.29462599,21.5986791404804,100.0,4087843.0,2661812.0,78.0707317073171,48.0,3.74312570579878
Lithuania,273107.56,82,2018-01-01,LT,440,19186.359591641,79.72258277,25.1656365269891,100.0,2801543.0,1825830.0,75.6804878048781,59.0,4.99035385554106
New Zealand,270752.43,80,2018-01-01,NZ,554,43236.8866923404,89.0,16.6437558104403,100.0,4900600.0,3204517.0,81.7073170731707,87.0,1.68730805478903
Portugal,265951.26,194,2018-01-01,PT,620,23562.5545228191,74.66096815,25.6398028528424,100.0,10283822.0,6635449.0,81.3243902439024,64.0,3.01412372965098
South Africa,261704.34,142,2018-01-01,ZA,710,7067.72416484458,62.4,26.4993986906988,84.7,57339635.0,37537017.0,65.674,43.0,0.319770420910046
Austria,255275.75,184,2018-01-01,AT,040,51466.5565633634,87.47913723,42.0905519494721,100.0,8840521.0,5906977.0,81.6926829268293,76.0,1.92771305987296
Romania,237885.09,102,2018-01-01,RO,642,12494.4235789649,70.68127793,57.3026662865769,99.8226547241211,19473970.0,12872277.0,75.3585365853659,47.0,6.65376580785784
Bosnia and Herzegovina,232758.45,12,2018-01-01,BA,070,6024.49314979655,70.12013504,30.7182647210468,100.0,3400129.0,2324768.0,77.093,38.0,5.04583814593265
Latvia,225604.77,94,2018-01-01,LV,428,17865.0310947642,83.57717486,37.5422107619468,100.0,1927174.0,1228121.0,74.7829268292683,58.0,4.80391392484378
Peru,202527.19,108,2018-01-01,PE,604,6912.10398761205,55.05433424,14.9836283010169,95.2,32203944.0,20759621.0,76.009,35.0,2.03724979302511
Ireland,187334.96,60,2018-01-01,IE,372,79446.9391085469,87.00014011,78.3908958282039,100.0,4867316.0,3178909.0,82.2048780487805,73.0,7.13477339709543
Macao,172189.85,15,2018-01-01,MO,446,84779.4536941057,83.79408961,1.24218818688097,100.0,650991.0,494275.0,84.928,,4.38132728884378
Slovenia,158928.49,32,2018-01-01,SI,705,26123.7471277911,79.7499766,34.592562532854,100.0,2073894.0,1361372.0,81.3780487804878,60.0,4.07631630530021
Chile,155351.8,118,2018-01-01,CL,152,15820.0333571155,84.9,25.9786530644243,100.0,18701450.0,12909544.0,80.133,67.0,2.13907818098535
India,144575.13,124,2018-01-01,IN,356,1974.3777314935,20.08130004,63.5916362459104,95.7,1369003306.0,912553718.0,70.71,41.0,5.30240867438407
Colombia,99811.06,41,2018-01-01,CO,170,6782.03792033195,64.12637682,28.4793532073781,98.5,49276961.0,34124172.0,76.748,36.0,0.638439615993107
Dominican Republic,84988.56,12,2018-01-01,DO,214,7947.15933093481,74.82204836,11.7117787031529,98.9,10765531.0,7027160.0,73.232,30.0,5.80704982687432
United Arab Emirates,69672.84,28,2018-01-01,AE,784,46722.2687183733,98.45000178,,100.0,9140169.0,7700679.0,79.627,70.0,0.517239888578146
"Moldova, Republic of",64777.79,7,2018-01-01,MD,0,4156.95750022299,50.3,44.4383528265107,99.99,2707203.0,1844857.0,70.492,33.0,5.92036718190722
Armenia,64710.02,17,2018-01-01,AM,051,4391.92326991474,68.24505226,26.0858090231865,99.9,2836557.0,1933718.0,75.064,35.0,5.76988214903176
Kyrgyzstan,54299.99,25,2018-01-01,KG,0,1308.13978544561,57.1,17.1952415868509,100.0,6322800.0,3933986.0,71.4,29.0,1.71320910602361
Malta,53229.74,41,2018-01-01,MT,470,31785.8848300917,81.65804429,56.8060700725485,100.0,484630.0,328560.0,82.4487804878049,54.0,3.7300762666413
Tunisia,49346.16,19,2018-01-01,TN,788,3577.17534204669,64.19081023,55.470386862629,99.8,11933041.0,8001144.0,75.95,43.0,1.57917937071691
Mongolia,47936.18,21,2018-01-01,MN,496,4165.02282101895,47.13000188,26.3352796266216,98.1,3163991.0,2052768.0,71.199,37.0,5.43057257328132
Iceland,47050.97,16,2018-01-01,IS,352,74452.1890731447,99.01095399,13.6224274004184,100.0,352721.0,235299.0,82.8609756097561,76.0,2.11737323957688
Uruguay,39266.96,20,2018-01-01,UY,858,19026.0498173005,80.72684288,35.7851382393356,99.8,3427042.0,2209721.0,77.611,70.0,0.0144915655816646
Kuwait,38702.09,26,2018-01-01,KW,414,32012.1875249538,99.59884959,47.3318901269116,100.0,4317185.0,3268653.0,79.722,41.0,-2.12827593203232
North Macedonia,35762.5,10,2018-01-01,MK,0,6108.73917044261,79.16775519,54.4404758419192,99.8,2076217.0,1448329.0,76.6487804878049,37.0,2.79561511891441
Cuba,32998.35,4,2018-01-01,CU,192,8831.91040872027,62.67892362,,99.6126251220703,11328244.0,7806524.0,77.496,47.0,2.32160916364217
Panama,31585.0,7,2018-01-01,PA,591,16156.0742859681,61.80553132,8.2543577533738,93.8,4165255.0,2699517.0,77.863,37.0,1.96303772715136
Morocco,28649.29,13,2018-01-01,MA,504,3492.67260742188,64.80386519,38.330060187263,98.1,35927511.0,23685420.0,73.986,43.0,1.89944589579329
Venezuela,26318.5,17,2018-01-01,VE,862,,,,99.8781967163086,29825653.0,19204694.0,71.979,18.0,
Algeria,19249.31,14,2018-01-01,DZ,012,4171.79038755546,49.03846808,63.3628094386521,99.6377410888672,41927007.0,26884238.0,76.066,35.0,-0.707950480650311
Egypt,15794.49,16,2018-01-01,EG,0,2531.20007864537,46.92433677,11.7491102372559,100.0,103740765.0,64340136.0,71.367,35.0,3.34981502229812
Ecuador,11593.33,3,2018-01-01,EC,218,6321.34940071717,57.5,9.91396886920587,98.7,17015672.0,11112458.0,77.094,34.0,-0.608002128663117
Bolivia,7460.44,4,2018-01-01,BO,068,3471.0069506501,44.2861422,13.0805782004673,92.8,11606905.0,7312945.0,67.748,29.0,2.68479733919096
Uzbekistan,7430.59,5,2018-01-01,UZ,860,1604.25864156544,55.20000067,11.4692401667409,99.9921875,32956100.0,21843170.0,71.149,23.0,4.05650668062363
Lao People's Democratic Republic,7305.66,28,2018-01-01,LA,0,2553.36186646266,36.3,6.44407758853505,92.9,7105006.0,4533537.0,67.634,29.0,4.64655561898404
Azerbaijan,7035.21,12,2018-01-01,AZ,031,4739.7943123408,79.79999549,17.3399512192555,100.0,9939771.0,6904446.0,72.76,25.0,0.624486167739661
Bahrain,5867.82,3,2018-01-01,BH,048,25415.8466249472,98.64467258,14.3163251640552,100.0,1487340.0,1149269.0,79.857,36.0,0.0167861091434816
Syrian Arab Republic,5810.26,5,2018-01-01,SY,760,1111.87209187084,33.77,,86.0,19333463.0,11082876.0,70.145,13.0,-0.442849729031707
"Iran, Islamic Republic of",5596.5,23,2018-01-01,IR,0,3850.75125293224,70.200565,,100.0,85617562.0,59397335.0,76.195,28.0,-3.11349170944678
Iraq,5358.82,9,2018-01-01,IQ,368,5601.46706102705,33.9,46.2698355711926,99.9,40590700.0,23326516.0,71.514,18.0,0.182367803474691
Luxembourg,4542.53,6,2018-01-01,LU,442,116786.511654677,97.06129871,29.9350337343162,100.0,607950.0,422820.0,82.2951219512195,81.0,-0.714325922150593
Nicaragua,3802.88,1,2018-01-01,NI,558,1981.85836665362,37.6,55.1774713992373,85.2143325805664,6572233.0,4215422.0,73.85,25.0,-4.7110101419611
Georgia,3799.88,13,2018-01-01,GE,268,4722.0424231414,62.7179082,5.85569871660145,99.9,3726549.0,2432367.0,73.341,58.0,4.88385492937473
Guatemala,3753.33,7,2018-01-01,GT,320,4485.75213495073,41.5,50.8715085117849,94.2099914550781,16346950.0,9937399.0,72.726,27.0,1.76513639905617
Cambodia,2250.0,26,2018-01-01,KH,116,1533.31598466079,,7.0349227316902,80.7008285522461,16025238.0,10422129.0,70.561,20.0,6.16447598598624
Costa Rica,2091.56,6,2018-01-01,CR,188,12383.1499522763,73.47972844,51.5937161384378,99.7,5040734.0,3471412.0,79.484,56.0,1.66130830846163
Albania,1346.55,3,2018-01-01,AL,008,5287.66080067575,65.4,30.755794827633,100.0,2866376.0,1951044.0,79.184,36.0,4.27631155105293
Bangladesh,600.0,6,2018-01-01,BD,050,1963.41249219641,23.44,79.4240528785398,86.915283203125,163683958.0,108985072.0,72.567,26.0,6.08023297450373
Trinidad and Tobago,543.38,1,2018-01-01,TT,780,16328.1268925695,,12.5046463695976,100.0,1504709.0,1060133.0,73.802,41.0,-2.3266731053272
Sri Lanka,285.14,1,2018-01-01,LK,144,4360.58473469252,46.9,13.5547709971379,99.585578918457,21670000.0,14234737.0,75.748,38.0,1.53963313430194
Paraguay,54.94,1,2018-01-01,PY,600,6242.96145417898,64.99354302,35.390728186154,99.6,6443328.0,4150981.0,73.568,29.0,1.79595163131663
United States,46457696.65,6280,2019-01-01,US,840,65120.3946628653,89.43028486,49.3743695164058,100.0,328329953.0,214965169.0,78.7878048780488,69.0,1.82966838809384
China,24798866.67,1454,2019-01-01,CN,156,10143.8602205959,64.0808813,62.877528607681,100.0,1407745000.0,981428759.0,77.968,41.0,5.57531686365964
"Korea, Republic of",17389023.94,1226,2019-01-01,KR,0,31902.4169048194,96.15757918,50.1308276570726,100.0,51764822.0,37519554.0,83.2268292682927,59.0,1.8889146004307
France,10744787.03,1328,2019-01-01,FR,250,40494.8982936276,83.33974409,53.8806629910397,100.0,67388001.0,41525825.0,82.8268292682927,69.0,1.49589898756051
Finland,9981772.07,388,2019-01-01,FI,246,48629.8582283032,89.60738511,73.0892791058143,100.0,5521606.0,3426873.0,81.9829268292683,86.0,1.11326909206437
Denmark,9851072.45,525,2019-01-01,DK,208,59592.9806886454,98.04643475,35.1616173397779,100.0,5814422.0,3710063.0,81.4512195121951,87.0,1.13065749415978
Canada,8161940.37,977,2019-01-01,CA,124,46374.1527517191,91.91289669,52.9611839782706,100.0,37601230.0,24987960.0,82.2287804878049,77.0,0.455346530493799
United Kingdom,7223441.61,1015,2019-01-01,GB,826,42662.5353740311,92.51662855,53.5667915888046,100.0,66836327.0,42504702.0,81.4048780487805,77.0,1.06983334867479
Sweden,7072548.88,596,2019-01-01,SE,752,51939.4297445291,94.49344341,69.4516145117971,100.0,10278887.0,6402513.0,83.109756097561,85.0,0.957561656419784
Australia,6879920.41,940,2019-01-01,AU,036,55049.571919719,93.60991916,22.0944499797314,100.0,25334826.0,16566343.0,82.9,77.0,0.682490945150491
Brazil,6374129.77,1209,2019-01-01,BR,076,8845.32414932264,73.91243991,62.8903404899138,99.8,211782878.0,147950382.0,75.338,35.0,0.448280407148658
Germany,6224021.2,1196,2019-01-01,DE,276,46805.1384334439,88.13451691,56.3875385730854,100.0,83092962.0,53703580.0,81.2926829268293,80.0,0.847783197111852
Russian Federation,6009773.03,886,2019-01-01,RU,643,11536.2587890625,82.64216187,46.5908678285397,99.7779693603516,144406261.0,97376270.0,73.0839024390244,28.0,2.24397951657973
Japan,3666316.79,712,2019-01-01,JP,392,40415.9567649547,92.73039781,57.5790317447477,100.0,126633000.0,74267895.0,84.3563414634146,73.0,-0.262170828589063
Norway,3602053.79,245,2019-01-01,NO,578,76430.5889473338,98.00000439,35.2601520135369,100.0,5347896.0,3485000.0,82.9585365853659,84.0,0.443429279720704
Philippines,3454042.11,318,2019-01-01,PH,608,3413.84904430419,43.02661187,68.5255700187644,95.2904739379883,110380804.0,70261944.0,71.865,34.0,4.37652555122709
Netherlands,3249907.89,493,2019-01-01,NL,528,52476.2732533327,93.2885906,66.9083115299641,100.0,17344874.0,11262366.0,82.1121951219512,82.0,1.28988912106223
Poland,3063701.54,539,2019-01-01,PL,616,15700.0135796738,80.43590688,51.0186696954639,100.0,37965475.0,25389267.0,77.9048780487805,58.0,4.47550510562556
Austria,2819763.06,206,2019-01-01,AT,040,50067.5857265892,87.75220479,42.3784963982581,100.0,8879920.0,5918009.0,81.8951219512195,77.0,1.00040695317784
Thailand,2556184.41,626,2019-01-01,TH,764,7628.57603307351,66.65241946,16.3439591047809,99.9,71307763.0,50247486.0,78.975,36.0,1.85684899765484
Malaysia,2486373.53,296,2019-01-01,MY,458,11132.1027429418,84.18714501,36.5613265846307,100.0,32804020.0,22837979.0,75.76,53.0,3.12489613274091
Bulgaria,2301167.58,86,2019-01-01,BG,100,9874.33632625168,67.94698094,35.3724788719601,99.1950073242188,6975761.0,4463647.0,75.1121951219512,43.0,4.77008195264021
Argentina,2228729.79,241,2019-01-01,AR,032,9963.67416171662,79.94695203,49.9745179656612,100.0,44938712.0,28967430.0,77.284,45.0,-2.96956249866219
Indonesia,2108230.46,696,2019-01-01,ID,360,4151.22755440796,47.69064898,32.0765913672978,98.85,269582878.0,181816710.0,70.518,40.0,4.03913565656795
Spain,1940543.18,541,2019-01-01,ES,724,29581.5185513299,90.71866533,29.3759840986347,100.0,47134837.0,31046581.0,83.8317073170732,62.0,1.25463175469125
Jordan,1755236.25,26,2019-01-01,JO,400,4159.6537537759,70.08467395,8.0243924311721,99.9,10698683.0,6741098.0,76.044,48.0,-0.520071102411436
Hong Kong,1614108.88,99,2019-01-01,HK,0,48359.0011950597,91.74340039,18.194478276786,100.0,7507900.0,5241156.0,85.1804878048781,76.0,-2.39667072539321
Viet Nam,1469586.6,554,2019-01-01,VN,0,3491.09140990663,68.66158021,,99.4,95776716.0,66150523.0,74.093,37.0,6.39258594504489
Ukraine,1391945.15,301,2019-01-01,UA,804,3661.45776367188,70.1248443,53.8906384196965,100.0,44386203.0,30039824.0,71.8273170731707,30.0,3.79372391176472
Italy,1239617.96,252,2019-01-01,IT,380,33673.7509627421,67.85071029,40.3025373749822,100.0,59729081.0,38153861.0,83.4975609756098,53.0,1.64850339347826
Lebanon,1168118.58,30,2019-01-01,LB,422,8925.42186017072,79.7588832,23.910402185215,99.9504852294922,5781907.0,3664342.0,79.236,28.0,-4.19522551235833
Romania,1063526.31,103,2019-01-01,RO,642,12957.9991142218,73.65747575,57.2022113404973,100.0,19371648.0,12720436.0,75.6073170731707,44.0,4.40172136610761
Belgium,1059645.28,200,2019-01-01,BE,056,46641.7214017087,90.27542801,62.4074208313585,100.0,11488980.0,7366035.0,81.9951219512195,75.0,1.68975368856101
Estonia,1008902.87,46,2019-01-01,EE,233,23424.4847073518,90.2289282,49.019303164757,100.0,1326898.0,844746.0,78.6463414634147,74.0,3.35497243936102
Peru,987961.74,126,2019-01-01,PE,604,6955.88082448096,59.9505036,16.399476624079,95.551360223182,32824861.0,21270229.0,76.156,36.0,0.306641968886368
Switzerland,937407.25,184,2019-01-01,CH,756,84121.9310304414,93.14608695,53.9839063070812,100.0,8575280.0,5694350.0,83.9048780487805,85.0,0.423089768227314
Mexico,861141.24,190,2019-01-01,MX,484,10434.5783651735,69.63210927,17.8659270135226,99.6,125085311.0,83031838.0,74.202,29.0,-1.13234162481218
India,811459.19,251,2019-01-01,IN,356,2050.1638002619,29.52351142,67.9185382253256,95.8859405517578,1383112050.0,925771433.0,70.91,41.0,2.81187310084181
Saudi Arabia,786636.98,124,2019-01-01,SA,682,23405.7060995766,95.7247356,9.8563998566217,99.99,35827362.0,25696441.0,77.304,53.0,-1.44520818534598
Turkey,783886.2,202,2019-01-01,TR,792,9215.44087472889,73.97670229,11.5327967627237,100.0,82579440.0,56275313.0,77.832,39.0,-0.612618493559708
New Zealand,770361.75,101,2019-01-01,NZ,554,42796.4305818389,89.86372003,20.8771276155191,100.0,4979200.0,3257548.0,82.0560975609756,87.0,0.828804838155989
Israel,727147.8,77,2019-01-01,IL,376,44452.2325623093,86.78787762,78.9029056601095,100.0,9054000.0,5439187.0,82.8048780487805,60.0,2.18667357283937
Pakistan,638113.55,105,2019-01-01,PK,586,1437.1658330724,17.07090172,72.9282897370595,93.9,223293280.0,130195040.0,66.756,32.0,0.862674221586389
Czech Republic,597568.74,248,2019-01-01,CZ,203,23664.8478631108,80.86694441,50.560884127603,100.0,10671870.0,6863717.0,79.2292682926829,56.0,2.62495626738699
Kazakhstan,526841.8,105,2019-01-01,KZ,398,9812.59552626324,81.87762047,14.7541385470144,100.0,18513673.0,11743234.0,73.18,34.0,3.16101154086459
Singapore,513983.22,221,2019-01-01,SG,702,66070.4868123062,88.94925269,43.2964380922713,100.0,5703569.0,4311715.0,83.5951219512195,85.0,0.178353464947364
Belarus,498195.48,115,2019-01-01,BY,112,6837.76832136779,82.78915209,48.2975347182609,100.0,9419758.0,6308566.0,74.2268292682927,45.0,1.65111819575279
Portugal,484187.54,241,2019-01-01,PT,620,23330.817288932,75.34637794,26.0382451597594,100.0,10286263.0,6619299.0,81.6756097560976,62.0,2.65839260557085
Slovenia,474904.51,51,2019-01-01,SI,705,26042.4463468032,83.1083578,35.8850794616929,100.0,2088385.0,1360022.0,81.5292682926829,60.0,2.80435041419331
Slovakia,410407.72,64,2019-01-01,SK,0,19381.8905468746,82.8536605,43.4945115033743,100.0,5454147.0,3703157.0,77.6658536585366,50.0,2.37262351593202
Lithuania,363173.02,88,2019-01-01,LT,440,19615.5491450175,81.58186838,27.9892846130037,100.0,2794137.0,1811934.0,76.2829268292683,60.0,4.94310000159899
Croatia,283584.65,56,2019-01-01,HR,191,15120.9029026824,79.07978368,22.1093832558138,100.0,4065253.0,2628491.0,78.4243902439025,47.0,3.97429329895074
Kyrgyzstan,274785.8,15,2019-01-01,KG,0,1451.51563835807,64.1,14.9286323287507,99.8846740722656,6456200.0,3985939.0,71.6,30.0,2.43933520707861
Latvia,260362.38,83,2019-01-01,LV,428,17883.3494113217,86.13545644,41.7197349101178,100.0,1913822.0,1212103.0,75.3878048780488,56.0,1.28926269967
Bosnia and Herzegovina,248754.99,19,2019-01-01,BA,070,6094.72482322311,69.94634763,29.7342704516306,100.0,3360711.0,2279522.0,77.241,36.0,4.09411575032696
Hungary,232950.7,128,2019-01-01,HU,348,16786.2136399075,80.37169361,48.931367580811,100.0,9771141.0,6433226.0,76.3195121951219,44.0,4.91169352525995
Ireland,231980.57,79,2019-01-01,IE,372,80848.3019020489,87.00005524,80.5609052834918,100.0,4934340.0,3222077.0,82.7024390243903,74.0,3.86745063863189
Greece,217996.22,95,2019-01-01,GR,300,19143.8876174584,75.67120669,10.2753730633318,100.0,10721582.0,6845559.0,81.6390243902439,48.0,1.98686576653837
Bolivia,207351.83,11,2019-01-01,BO,068,3472.38083136442,47.47481911,10.1511160335816,95.08,11777315.0,7455693.0,67.841,31.0,0.73769715524476
Chile,193101.49,121,2019-01-01,CL,152,14632.6903076927,85.01758384,27.2478522578166,100.0,19039485.0,13146408.0,80.326,67.0,-1.04550574088437
Macao,180421.62,17,2019-01-01,MO,446,82998.6361006441,86.46792571,1.20704294480795,100.0,663653.0,497448.0,84.978,,-4.42253742070947
Tunisia,150616.17,18,2019-01-01,TN,788,3477.83618091653,66.6999983,53.2322644524735,100.0,12049314.0,8040015.0,75.993,43.0,0.607548293213767
United Arab Emirates,131597.67,50,2019-01-01,AE,784,45376.1708381558,99.14999796,,100.0,9211657.0,7720914.0,79.726,71.0,0.323686531170736
South Africa,119448.11,94,2019-01-01,ZA,710,6702.52661666304,69.69687508,26.1570333910893,85.0,58087055.0,37933572.0,66.175,44.0,-1.03013294248167
North Macedonia,115936.88,22,2019-01-01,MK,0,6070.38805358275,81.41288276,52.8613101147453,100.0,2076694.0,1443773.0,76.6024390243903,35.0,3.88655214622943
Uzbekistan,103733.93,21,2019-01-01,UZ,860,1795.20176845657,70.39999865,10.4040589917002,99.9989929199219,33580350.0,22105578.0,71.344,25.0,4.01139218369858
Egypt,88899.2,27,2019-01-01,EG,0,3017.25833578941,57.2828664,12.0991596974112,100.0,105618671.0,65512638.0,71.358,35.0,3.67537083093788
Uruguay,79749.08,25,2019-01-01,UY,858,18098.361548609,83.35153377,41.2927928720665,99.9,3428409.0,2216931.0,77.508,71.0,0.704262097511574
Iceland,74134.78,46,2019-01-01,IS,352,68452.23622306,99.50494117,18.6520213687827,100.0,360563.0,240991.0,83.1634146341463,78.0,-0.354233392746096
Iraq,69429.7,38,2019-01-01,IQ,368,5621.18169491752,44.32634655,41.2069366057641,99.9910278320313,41563520.0,24012914.0,71.576,20.0,3.04417477296685
Mongolia,65371.08,28,2019-01-01,MN,496,4394.94715044543,51.07999408,26.3951395825637,98.9232559204102,3232430.0,2072919.0,71.822,35.0,3.36636842682287
Dominican Republic,60324.87,40,2019-01-01,DO,214,8173.34469885261,79.71545398,11.2316857188858,99.0,10881882.0,7110539.0,73.577,28.0,3.92893172690793
Colombia,60087.93,55,2019-01-01,CO,170,6436.50921529527,65.00690072,26.5203277511519,99.4442596435547,50187406.0,34864151.0,76.752,37.0,1.31495237842461
Algeria,50973.35,12,2019-01-01,DZ,012,4021.9832660524,58.97757455,64.7622363384002,99.5,42705368.0,27191521.0,76.474,35.0,-0.840856659456264
Cuba,45402.33,16,2019-01-01,CU,192,9139.38051005519,67.97080866,,99.8,11316697.0,7779726.0,77.611,48.0,-0.0612185571724808
Syrian Arab Republic,38854.08,8,2019-01-01,SY,760,1124.52055370091,34.65,,89.2305679321289,20098251.0,11920137.0,71.822,13.0,-2.63099215855095
Morocco,38572.69,27,2019-01-01,MA,504,3498.58276367188,84.12036305,37.8913171076337,99.6,36304408.0,23897197.0,74.27,41.0,1.80265718208821
Malta,38526.34,39,2019-01-01,MT,470,31727.0070746362,85.77859638,64.2597308956656,100.0,504062.0,342157.0,82.8585365853659,54.0,2.93152629277003
Albania,37459.64,14,2019-01-01,AL,008,5396.2142432843,68.55039112,31.1888876597377,100.0,2854191.0,1937930.0,79.282,35.0,2.52354084280566
Cambodia,37136.78,56,2019-01-01,KH,116,1671.3854000919,52.30587822,8.12265933802307,84.0,16207746.0,10544941.0,70.692,20.0,5.84861969425387
Luxembourg,36867.34,16,2019-01-01,LU,442,112726.439672814,97.12063569,32.3592982114954,100.0,620001.0,431090.0,82.6390243902439,80.0,0.915465845901139
Azerbaijan,32767.62,48,2019-01-01,AZ,031,4805.75371765917,81.09999907,22.1571315492534,100.0,10024283.0,6951369.0,73.102,30.0,1.63585048130741
"Iran, Islamic Republic of",32656.74,53,2019-01-01,IR,0,3276.75326508099,72.45090477,,100.0,86564202.0,59806077.0,76.103,26.0,-4.13057879491164
Kuwait,29611.09,20,2019-01-01,KW,414,30666.2371314234,99.54267645,61.6614750589495,100.0,4441100.0,3359191.0,79.685,40.0,-3.32674574935527
Costa Rica,28138.87,29,2019-01-01,CR,188,12669.3411549351,81.20259644,53.9507502505339,99.71,5084532.0,3501710.0,79.427,56.0,1.53529056591222
Armenia,26845.97,10,2019-01-01,AM,051,4828.50488626598,66.54394969,23.8252800173561,100.0,2820602.0,1908739.0,75.439,42.0,8.20864949959488
Georgia,22885.1,22,2019-01-01,GE,268,4696.15058555612,68.84671356,6.29419511883735,100.0,3720161.0,2414168.0,73.47,56.0,5.16261881694761
Bahrain,14879.49,5,2019-01-01,BH,048,25869.1129129041,99.70150438,17.7792627241341,100.0,1494188.0,1150279.0,80.019,42.0,1.69872414350014
Guatemala,13719.92,7,2019-01-01,GT,320,4647.80754129437,44.40104984,49.2107710539523,95.4291458129883,16604026.0,10163685.0,73.129,26.0,2.40741472209567
"Moldova, Republic of",13143.1,10,2019-01-01,MD,0,4404.95042249597,57.76048611,47.8558243466434,100.0,2664224.0,1798902.0,70.935,32.0,5.22280984962049
Venezuela,12193.37,31,2019-01-01,VE,862,,,,99.8447799682617,28971683.0,18476193.0,72.161,16.0,
Paraguay,11720.03,17,2019-01-01,PY,600,5807.83879407975,68.51762842,36.2100219759387,99.7,6530026.0,4214039.0,73.621,28.0,-1.72420205098025
Lao People's Democratic Republic,11299.61,38,2019-01-01,LA,0,2598.50552320723,47.03225806,4.1674175309483,98.397346496582,7212053.0,4621574.0,68.138,29.0,3.89244790332448
Ecuador,10249.84,18,2019-01-01,EC,218,6233.25816692363,59.2,11.28474539437,99.09,17343740.0,11388419.0,77.297,38.0,-1.87968820683531
Nicaragua,7563.83,5,2019-01-01,NI,558,1905.63832831484,44.91635601,57.6214405360134,85.661979675293,6663924.0,4286891.0,74.054,22.0,-4.23309787067595
Panama,1338.51,9,2019-01-01,PA,591,16472.8317470488,63.62841477,8.65547290107086,93.9,4232532.0,2746092.0,77.81,36.0,1.6401875183941
Sri Lanka,210.0,1,2019-01-01,LK,144,4082.69404871533,50.68732735,15.7611868564177,99.7613525390625,21803000.0,14307585.0,76.008,38.0,-0.829146714268376
Bangladesh,200.0,1,2019-01-01,BD,050,2122.07839667492,27.76,81.3715919297606,92.2,165516222.0,110894720.0,72.806,26.0,6.68765439756285
Trinidad and Tobago,72.0,1,2019-01-01,TT,780,15642.4067190576,78.96497802,13.0053030231216,100.0,1519955.0,1067469.0,74.228,40.0,-0.645428670423598
United States,25571539.73,5658,2020-01-01,US,840,63528.6343027508,90.62047017,58.5829449466126,100.0,331511512.0,216361818.0,76.9804878048781,67.0,-3.70095252825833
China,24316314.89,1596,2020-01-01,CN,156,10408.7195541075,70.05275998,67.4661910483654,100.0,1411100000.0,978973451.0,78.077,42.0,1.99555804231497
"Korea, Republic of",10821297.05,1111,2020-01-01,KR,0,31721.2989141857,96.50506052,56.7536165240073,100.0,51836239.0,37324433.0,83.4268292682927,61.0,-0.846212237799236
Brazil,6020815.53,1144,2020-01-01,BR,076,6923.6999117682,81.34269353,69.28059614648,99.7027130126953,213196304.0,148969796.0,74.009,38.0,-3.91800417154039
France,5620135.58,1148,2020-01-01,FR,250,39179.7442596057,84.70640914,59.3019721104611,100.0,67571107.0,41514540.0,82.1756097560976,69.0,-7.7910085087493
United Kingdom,5030435.6,931,2020-01-01,GB,826,40217.0090116986,94.81820132,59.2752314296022,100.0,67081234.0,42589297.0,80.3512195121951,77.0,-10.687168020963
Russian Federation,4873061.44,925,2020-01-01,RU,643,10194.44140625,84.99466978,55.2943305679941,99.8977813720703,144073139.0,96548398.0,71.3387804878049,30.0,-2.4510269293305
Germany,4479902.72,1271,2020-01-01,DE,276,46749.4762280016,89.81294133,60.7857307092711,100.0,83160871.0,53459730.0,81.0414634146342,80.0,-3.90530358342936
Denmark,4400543.48,483,2020-01-01,DK,208,60836.5924121638,96.54914573,36.5300180111543,100.0,5831404.0,3713686.0,81.6024390243903,88.0,-2.70866841979111
Canada,4037216.43,853,2020-01-01,CA,124,43562.4358311849,92.3,65.4311655132504,100.0,38007166.0,25127758.0,81.6704878048781,77.0,-6.0524737471716
Thailand,3270764.54,766,2020-01-01,TH,764,7001.78546023389,77.84374066,43.1285301624415,100.0,71475664.0,50092759.0,79.274,36.0,-6.28758089052563
Japan,3216040.3,763,2020-01-01,JP,392,40040.7655055923,90.21945812,69.8589819829655,100.0,126261000.0,73864092.0,84.56,74.0,-3.86470966963243
Sweden,2883938.4,556,2020-01-01,SE,752,52837.9039778149,94.53943122,73.3988883549441,100.0,10353442.0,6442152.0,82.3560975609756,85.0,-2.87468419018519
Indonesia,2684022.17,732,2020-01-01,ID,360,3895.61815200225,53.72649449,55.8315373195465,96.95,271857970.0,183698630.0,68.808,37.0,-2.88509409342301
Australia,2564669.95,823,2020-01-01,AU,036,51868.2475567823,96.39446689,34.1409652977735,100.0,25649248.0,16729640.0,83.2,77.0,-1.55643630102695
Poland,1976946.09,595,2020-01-01,PL,616,15816.8204021382,83.18488715,57.145859604876,100.0,37899070.0,25118729.0,76.5,56.0,-1.84839482693985
Finland,1881240.4,432,2020-01-01,FI,246,49169.7193388499,92.17027106,84.3311920822249,100.0,5529543.0,3419944.0,81.9317073170732,85.0,-2.49512296758466
Viet Nam,1596052.73,674,2020-01-01,VN,0,3586.34717624763,70.30000012,,99.8,96648685.0,66571089.0,75.378,36.0,1.9373565936546
Spain,1573198.09,600,2020-01-01,ES,724,26984.2962770279,93.20564892,48.1299544940087,100.0,47365655.0,31229056.0,82.3317073170732,62.0,-11.6001893006088
Netherlands,1427895.71,440,2020-01-01,NL,528,52162.5701150406,91.33333333,70.9058734887366,100.0,17441500.0,11293838.0,81.3585365853659,82.0,-4.41855550924734
Norway,1409289.9,251,2020-01-01,NO,578,68340.0181033702,94.60755647,46.3138685303108,100.0,5379475.0,3499828.0,83.209756097561,84.0,-1.85769610859076
Ukraine,1313451.03,245,2020-01-01,UA,804,3751.7373046875,75.03790912,64.0837830891802,100.0,44132049.0,29781504.0,71.1851219512195,33.0,-3.10165858921107
Malaysia,1039791.63,294,2020-01-01,MY,458,10164.344431073,89.55501192,66.9402919874153,100.0,33199993.0,23144110.0,75.938,51.0,-6.58445333067471
Mexico,964737.71,301,2020-01-01,MX,484,8894.89065003643,71.49017499,25.9818142430209,99.4,125998302.0,83967738.0,70.133,31.0,-9.31350271613651
Philippines,963981.65,310,2020-01-01,PH,608,3224.42281121767,47.11190815,88.6081941470337,96.3902893066406,112190977.0,71618946.0,72.119,34.0,-10.9781941392831
Saudi Arabia,922741.22,196,2020-01-01,SA,682,20398.0609870951,97.8623325,23.2796280091872,99.99,35997107.0,25760357.0,76.239,53.0,-4.79246757029121
Turkey,891400.47,262,2020-01-01,TR,792,8638.73913259299,77.6695605,19.572209293204,100.0,83384680.0,56790674.0,75.85,40.0,0.876186370101166
Argentina,865842.14,276,2020-01-01,AR,032,8500.83793850534,85.51438646,66.3193403918182,100.0,45376763.0,29320716.0,75.892,42.0,-10.7702732277494
Italy,841949.53,287,2020-01-01,IT,380,31922.9191626183,70.48342785,54.6252308210196,100.0,59438851.0,37904109.0,82.1951219512195,53.0,-8.52972827622958
Singapore,688989.55,205,2020-01-01,SG,702,61273.9916594455,92.00434653,47.4075731626771,100.0,5685807.0,4246955.0,84.4658536585366,85.0,-3.60084808580315
Czech Republic,646189.67,341,2020-01-01,CZ,203,22992.8793833348,81.33889705,58.8418744651187,100.0,10697858.0,6833074.0,78.2268292682927,54.0,-5.73252689432169
Bulgaria,634018.56,80,2020-01-01,BG,100,10148.3423954435,70.16248359,49.9281057996246,99.7,6934015.0,4418066.0,73.6585365853659,44.0,-3.38798766592316
India,585250.08,302,2020-01-01,IN,356,1913.21973278751,43.40544313,75.8523112939518,96.5,1396387127.0,938586445.0,70.15,40.0,-6.72629208037435
Kazakhstan,529054.86,69,2020-01-01,KZ,398,9121.63640904156,85.94259898,18.824453670434,100.0,18755666.0,11799469.0,71.37,38.0,-3.75798345050126
Portugal,524057.23,224,2020-01-01,PT,620,22242.406417972,78.26166044,41.5834287916332,100.0,10297081.0,6611510.0,80.9756097560976,61.0,-8.39685500953166
Belgium,488688.88,200,2020-01-01,BE,056,45609.0034936111,91.52641629,64.2237105875087,100.0,11538604.0,7384578.0,80.6951219512195,76.0,-5.66822354351405
Slovenia,473615.74,29,2020-01-01,SI,705,25558.4290544506,86.60130109,45.968156251632,100.0,2102419.0,1360190.0,80.5317073170732,60.0,-4.88009190901116
Estonia,460821.33,78,2020-01-01,EE,233,23595.2436836441,89.05828666,62.9241258287927,100.0,1329522.0,842292.0,78.5951219512195,75.0,-0.747277944180098
Austria,449104.33,155,2020-01-01,AT,040,48789.4978498872,87.52942813,49.9645151288341,100.0,8916864.0,5925020.0,81.1926829268293,76.0,-7.01982595202976
Jordan,438885.71,32,2020-01-01,JO,400,3998.67313829235,75.44769493,21.6803694109697,99.9,10928721.0,6921053.0,75.184,49.0,-3.18443419178128
Hong Kong,353232.54,89,2020-01-01,HK,0,46109.2299946609,92.41313602,25.6829148756907,100.0,7481000.0,5161591.0,85.4975609756098,77.0,-6.20875514477821
Peru,334221.76,129,2020-01-01,PE,604,6063.62692279047,65.25179796,34.8994342334926,96.2,33304756.0,21672269.0,73.665,38.0,-12.1539382486511
Belarus,326401.53,104,2020-01-01,BY,112,6542.8645398436,85.08791245,53.2295507305749,100.0,9379952.0,6247755.0,72.4572195121951,47.0,-0.251386576093068
Israel,319954.35,59,2020-01-01,IL,376,44846.7915954816,90.12734091,87.3221505155735,100.0,9215100.0,5525096.0,82.6487804878049,60.0,-3.57303741945609
Switzerland,305832.59,168,2020-01-01,CH,756,85897.7843338323,94.34995199,56.1297245576487,100.0,8638167.0,5719712.0,83.0,85.0,-2.85415832226442
Chile,286466.43,150,2020-01-01,CL,152,13173.7847941723,86.37099516,36.1232750175457,100.0,19300315.0,13314429.0,79.377,67.0,-7.41362694738201
New Zealand,277958.39,79,2020-01-01,NZ,554,41760.5947840005,92.8650738,32.018390251654,100.0,5090200.0,3326620.0,82.2560975609756,88.0,-2.82032250102206
Romania,268225.51,112,2020-01-01,RO,642,13047.4566563993,78.45526895,64.6145781757721,99.9952163696289,19265250.0,12579435.0,74.2536585365854,44.0,-3.14554156129175
Latvia,261578.28,73,2020-01-01,LV,428,18096.2027073394,88.89796078,53.0200392983858,100.0,1900449.0,1196325.0,75.1853658536585,57.0,-2.83485280722716
Hungary,229634.88,154,2020-01-01,HU,348,16125.6094085407,84.77115202,60.2168280746908,100.0,9750149.0,6371286.0,75.5682926829269,44.0,-4.33001656693753
Slovakia,227374.02,94,2020-01-01,SK,0,19552.0911095911,89.92090413,52.5382249869068,100.0,5458827.0,3675639.0,76.8658536585366,49.0,-3.41837197782542
Croatia,199075.38,63,2020-01-01,HR,191,14269.9088549332,78.32090004,35.7784598075493,100.0,4047680.0,2600083.0,77.7243902439024,47.0,-8.19457348790272
Greece,183025.71,97,2020-01-01,GR,300,17617.2915057014,78.11584474,17.7666974746617,100.0,10698599.0,6808717.0,81.2878048780488,50.0,-9.1216270466723
Bosnia and Herzegovina,168711.48,25,2020-01-01,BA,070,6095.10423658487,73.21175294,46.2983636031601,100.0,3318407.0,2234386.0,76.225,35.0,-1.77870388670868
Mongolia,165456.49,72,2020-01-01,MN,496,4041.17414564367,65.63058022,35.5663306321077,99.5021667480469,3294335.0,2093145.0,72.141,35.0,-6.35124060523478
Ireland,159617.5,67,2020-01-01,IE,372,85973.0884875501,91.99989097,86.3911000631699,100.0,4985382.0,3254350.0,82.5560975609756,72.0,5.52561234818658
Pakistan,149710.72,135,2020-01-01,PK,586,1322.31478539554,18.93481469,77.6881605765504,94.4852828979492,227196741.0,133031513.0,66.269,31.0,-2.97029464978425
Lithuania,147146.92,120,2020-01-01,LT,440,20381.8557827478,83.05554724,30.4784823685861,100.0,2794885.0,1802976.0,74.9780487804878,60.0,-0.0513690845085932
Lebanon,146134.97,24,2020-01-01,LB,422,5599.95752260733,83.1038168,42.3940758513205,99.9830703735352,5662923.0,3557157.0,77.804,25.0,-19.7484284750453
Uzbekistan,144081.66,19,2020-01-01,UZ,860,1759.30747053678,71.09999824,18.5916702782434,100.0,34232050.0,22374882.0,70.331,26.0,0.0538222364548204
"Iran, Islamic Republic of",140144.94,15,2020-01-01,IR,0,2746.41948317956,75.56986637,,100.0,87290193.0,60142828.0,74.832,25.0,2.47089226742992
South Africa,126482.49,83,2020-01-01,ZA,710,5753.06649433369,70.32030996,42.0702818469676,90.0,58801927.0,38374016.0,65.252,44.0,-7.10658878154325
North Macedonia,117182.21,24,2020-01-01,MK,0,5965.45023195365,81.40553811,60.2049577194991,100.0,2072531.0,1436133.0,74.3951219512195,35.0,-5.92229586311112
Cuba,115494.32,15,2020-01-01,CU,192,9499.57250428248,71.11907507,,99.9326400756836,11300698.0,7750885.0,77.567,47.0,-10.8230104813757
Armenia,113063.43,21,2020-01-01,AM,051,4505.86774175695,76.50770055,48.3764712263799,100.0,2805608.0,1886737.0,72.173,49.0,-6.70404931756727
Morocco,110019.56,44,2020-01-01,MA,504,3258.26904296875,84.12036305,53.2385808966446,100.0,36688772.0,24125464.0,73.92,40.0,-8.16396528551064
Colombia,101684.62,67,2020-01-01,CO,170,5304.28912886641,69.79533474,50.9398043335304,99.7217559814453,50930662.0,35450454.0,74.769,39.0,-8.60581152678888
"Moldova, Republic of",98127.98,12,2020-01-01,MD,0,4376.24249318339,59.15294877,55.6372031146066,100.0,2635130.0,1765415.0,70.166,34.0,-7.26326976771907
Kyrgyzstan,94000.68,8,2020-01-01,KG,0,1256.92922601263,72.0,25.4312738445389,99.865119934082,6579900.0,4038664.0,71.8,31.0,-8.89454688284506
Bangladesh,73719.16,29,2020-01-01,BD,050,2233.30590129762,32.87,83.3216239447549,96.2,167420951.0,112816371.0,71.968,26.0,2.27110927857356
Macao,71674.42,9,2020-01-01,MO,446,37474.7345945939,88.33262029,2.86902831866177,100.0,676283.0,500352.0,85.184,,-55.1886811818336
Bahrain,66646.0,10,2020-01-01,BH,048,23433.1872362574,99.67103159,18.7080671383755,100.0,1477469.0,1130322.0,79.174,42.0,-3.56559860535015
Egypt,52502.26,36,2020-01-01,EG,0,3571.5569065135,71.91420096,20.2867259694274,100.0,107465134.0,66715543.0,70.99,33.0,1.77096873118485
Georgia,48550.27,22,2020-01-01,GE,268,4255.74299321254,72.53157487,19.5239102821652,100.0,3722716.0,2404553.0,72.765,56.0,-6.82443263205032
Azerbaijan,45631.05,34,2020-01-01,AZ,031,4229.91064904503,84.59999573,24.6156157963297,100.0,10093121.0,6994975.0,66.868,30.0,-4.95270173869491
Algeria,44809.21,26,2020-01-01,DZ,012,3354.15316371593,63.94999611,72.5309805665449,99.7187728881836,43451666.0,27520307.0,74.453,36.0,-6.72994164824063
Syrian Arab Republic,40313.1,24,2020-01-01,SY,760,537.090234611441,35.78,,89.0276184082031,20772595.0,12667075.0,72.14,14.0,-3.42272708302652
Iraq,37529.24,22,2020-01-01,IQ,368,4251.33725272808,45.7863696,63.2497961974387,100.0,42556984.0,24730459.0,69.123,21.0,-14.0902346467683
Tunisia,36350.6,29,2020-01-01,TN,788,3497.71902658991,72.80748713,70.4210228514847,99.9,12161723.0,8084072.0,75.292,44.0,-9.66070800148323
United Arab Emirates,36326.55,34,2020-01-01,AE,784,37629.1741687956,100.0,,100.0,9287289.0,7746067.0,78.946,71.0,-5.73104452508203
Dominican Republic,35440.68,29,2020-01-01,DO,214,7167.91497432809,82.19830578,31.3961852861035,100.0,10999664.0,7195061.0,72.889,28.0,-7.71905867915002
Bolivia,31853.07,7,2020-01-01,BO,068,3068.81255516456,59.94010155,22.8628849099561,97.2218170166016,11936162.0,7593734.0,64.467,31.0,-9.95240484455535
Albania,30837.01,15,2020-01-01,AL,008,5343.0377039956,72.23767711,46.8292818519873,100.0,2837849.0,1921404.0,76.989,36.0,-2.74523867757104
Uruguay,30679.84,17,2020-01-01,UY,858,15650.4993032445,86.31019103,53.1068196693043,100.0,3429086.0,2224277.0,78.43,71.0,-6.28148319774319
Venezuela,30333.39,13,2020-01-01,VE,862,,,,99.9163208007813,28490453.0,18097538.0,71.095,15.0,
Costa Rica,29086.57,8,2020-01-01,CR,188,12179.2566735195,80.53018608,75.7599307219932,99.9,5123105.0,3528858.0,79.277,57.0,-4.99410158295288
Iceland,27260.0,29,2020-01-01,IS,352,58848.41812446,99.5327519,41.3259970718774,100.0,366463.0,244499.0,83.0634146341463,75.0,-8.70948452763972
Kuwait,25379.77,14,2020-01-01,KW,414,24297.7108020951,99.10587017,68.0236058997195,100.0,4360444.0,3272155.0,76.92,42.0,-7.1693568493853
Lao People's Democratic Republic,21935.28,8,2020-01-01,LA,0,2593.35509719847,54.0,12.899881844652,99.3113632202148,7319399.0,4709820.0,68.497,29.0,-0.970941437736954
Guatemala,19692.5,9,2020-01-01,GT,320,4609.89725752869,47.51234167,65.0282631894868,96.6474685668945,16858333.0,10396683.0,71.797,25.0,-3.27332196778804
Ecuador,17473.71,11,2020-01-01,EC,218,5645.19928965332,70.7,20.2011023364297,98.85,17588595.0,11602470.0,72.153,39.0,-9.07131766962168
Nicaragua,15240.86,5,2020-01-01,NI,558,1876.60737823677,53.4046527,72.2709500158512,86.003303527832,6755895.0,4360222.0,71.795,22.0,-3.10355801687588
Luxembourg,12552.42,8,2020-01-01,LU,442,116905.370396853,98.45962893,28.5304949421931,100.0,630419.0,437895.0,82.1439024390244,80.0,-2.54734610654114
Malta,7898.62,21,2020-01-01,MT,470,29597.6361628521,86.85876183,73.2008947757932,100.0,515332.0,350219.0,82.3487804878049,53.0,-10.0882521588953
Cambodia,4500.0,10,2020-01-01,KH,116,1577.91173991645,53.65076745,22.9780810664669,86.4,16396860.0,10674662.0,70.416,21.0,-4.21365375538406
Paraguay,3971.15,4,2020-01-01,PY,600,5353.34806456279,73.95751114,53.3239025032632,99.7,6618695.0,4277704.0,73.182,28.0,-2.14847789745059
Panama,3544.67,5,2020-01-01,PA,591,13293.3331951688,65.54188027,10.5159238662273,95.3360137939453,4294396.0,2789531.0,76.657,35.0,-18.8543822302115
Sri Lanka,3500.0,4,2020-01-01,LK,144,3852.38909102194,36.18473435,34.3964705471904,99.9740982055664,21919000.0,14381014.0,76.393,38.0,-5.12926312074451
Trinidad and Tobago,1698.26,1,2020-01-01,TT,780,13705.900228571,78.67115844,19.246429967377,100.0,1518147.0,1059682.0,74.406,40.0,-8.96961471534635
China,51416470.24,2013,2021-01-01,CN,156,12617.5051041181,73.0532414,55.9451279717461,100.0,1412360000.0,977101360.0,78.211,45.0,8.35171995335094
United States,32010521.34,5129,2021-01-01,US,840,70219.472454115,91.75320833,58.5906333474798,100.0,332031554.0,216079726.0,76.3292682926829,67.0,5.77954841835778
Russian Federation,22998704.0,1112,2021-01-01,RU,643,12532.05078125,88.21384578,56.6784967538517,100.0,144130482.0,96116255.0,69.3612195121951,29.0,5.53089332241036
"Korea, Republic of",13414914.24,1127,2021-01-01,KR,0,35142.264267481,97.57132662,51.2367391005306,100.0,51744876.0,36975274.0,83.5268292682927,62.0,4.48889978812433
Brazil,10516819.85,1436,2021-01-01,BR,076,7696.78483012849,80.68989314,68.1730525594889,99.4621200561523,214326223.0,149767451.0,72.75,38.0,4.43535281911002
Ukraine,10468652.66,349,2021-01-01,UA,804,4827.845703125,79.21829353,68.2833994888804,100.0,43822901.0,29527020.0,69.6478048780488,32.0,4.36448461386128
Japan,10166562.5,1041,2021-01-01,JP,392,40058.5373276179,82.91407928,73.1178498256365,100.0,125681593.0,73446995.0,84.4456097560976,73.0,3.0321308280439
United Kingdom,6774844.87,1027,2021-01-01,GB,826,46869.759058411,96.68023657,59.5034223474233,100.0,67026292.0,42509878.0,80.7,78.0,8.76398582256878
France,6048003.85,1174,2021-01-01,FR,250,43671.3084099631,86.09548575,53.7711663472229,100.0,67764304.0,41541802.0,82.3243902439024,71.0,6.13176131597774
Denmark,5643805.4,381,2021-01-01,DK,208,69268.6517983134,98.8658506,29.9917234130595,100.0,5856733.0,3722898.0,81.4048780487805,88.0,6.38244434165682
Canada,5338305.36,769,2021-01-01,CA,124,52515.1998350503,92.83401664,60.5720366253704,100.0,38226498.0,25132144.0,82.5966097560976,74.0,4.68285240759747
Thailand,5181782.53,868,2021-01-01,TH,764,7060.89770696418,85.26956666,59.1474237613024,100.0,71601103.0,49897410.0,78.715,35.0,1.31428977715066
Germany,4986701.51,1153,2021-01-01,DE,276,51426.7503654421,91.43060973,58.937385684746,100.0,83196078.0,53209258.0,80.9009756097561,80.0,3.12016297281919
Indonesia,3901179.28,763,2021-01-01,ID,360,4334.2159826606,62.10447842,64.9360863893065,99.21,273753191.0,185451041.0,67.57,38.0,2.98510862701504
Malaysia,3728915.1,483,2021-01-01,MY,458,11134.6229528189,96.7514278,75.8881922677342,100.0,33573874.0,23430510.0,74.884,48.0,2.14731128116709
Sweden,3677168.98,469,2021-01-01,SE,752,61417.6808766469,94.6703163,75.8520253815495,100.0,10415811.0,6476727.0,83.1560975609756,85.0,5.51142519349814
Poland,3572974.0,610,2021-01-01,PL,616,18050.2794441161,85.37490906,57.1268320944738,100.0,37747124.0,24835510.0,75.6024390243903,56.0,7.3654328477301
Philippines,3449444.75,564,2021-01-01,PH,608,3460.53938169242,52.67573808,92.664839983499,97.4899749755859,113880328.0,72925605.0,69.266,33.0,4.14651416960376
Australia,3177072.52,704,2021-01-01,AU,036,60697.2454358579,96.24,46.84883875302,100.0,25685412.0,16710291.0,83.3,73.0,1.96806164574946
Saudi Arabia,2975944.13,324,2021-01-01,SA,682,24315.6185511873,100.0,22.0497592794903,100.0,35950396.0,25603697.0,76.936,53.0,4.46165747131344
Viet Nam,2863920.42,769,2021-01-01,VN,0,3756.48890080884,74.20999985,,100.0,97468029.0,66962208.0,73.618,39.0,1.69940240052158
Finland,2761573.62,365,2021-01-01,FI,246,53504.6936483441,92.80806082,84.0967825656773,100.0,5541017.0,3417691.0,81.9341463414634,88.0,2.62522857501395
Turkey,2379784.41,503,2021-01-01,TR,792,9743.21313092428,81.40843745,14.5860474205315,100.0,84147318.0,57338607.0,76.032,38.0,10.4293952224225
Spain,1959705.98,482,2021-01-01,ES,724,30488.8209528797,93.89752157,43.0127433011119,100.0,47415794.0,31289780.0,83.1780487804878,61.0,6.29065944452751
Argentina,1691660.54,378,2021-01-01,AR,032,10650.8604604345,87.15070683,76.0334415743628,100.0,45808747.0,29693851.0,75.39,38.0,9.67392093465429
Mexico,1609440.79,360,2021-01-01,MX,484,10359.1498625832,75.62650476,22.7476081063245,100.0,126705138.0,84782496.0,70.213,31.0,5.24740367881364
Netherlands,1439158.42,453,2021-01-01,NL,528,58727.8705471475,92.05298013,69.5131566418871,100.0,17533044.0,11316863.0,81.4609756097561,82.0,5.63740532928256
Peru,1407721.21,177,2021-01-01,PE,604,6635.46414809173,71.10782643,32.4105048290269,95.6,33715471.0,22032819.0,72.377,36.0,12.0359010397389
Norway,1287985.46,248,2021-01-01,NO,578,93072.8925119571,99.0000036,43.7581727623082,100.0,5408320.0,3511912.0,83.1634146341463,85.0,3.35449507409562
Singapore,1179317.08,278,2021-01-01,SG,702,77710.0892373091,96.92468156,46.5850314831089,100.0,5453566.0,4029143.0,83.4414634146342,85.0,13.5191268484885
Italy,1098111.19,321,2021-01-01,IT,380,36449.2583375837,74.8623274,54.488012744729,100.0,59133173.0,37648780.0,82.7951219512195,56.0,8.87366826725133
Czech Republic,1018304.77,353,2021-01-01,CZ,203,26822.5141862111,82.67062427,61.4965263425473,100.0,10505772.0,6675837.0,77.3731707317073,54.0,5.4463696180117
Kazakhstan,1006701.59,82,2021-01-01,KZ,398,10373.7897924367,90.9239507,17.9430689026561,100.0,19000988.0,11878977.0,70.23,37.0,2.95338135834081
Jordan,970068.36,30,2021-01-01,JO,400,4152.75795426388,85.999997,15.1829192158821,99.9,11148278.0,7097810.0,74.256,49.0,1.61422154288037
Estonia,876235.59,97,2021-01-01,EE,233,27943.701219882,90.97970174,64.4051091890577,100.0,1330932.0,840607.0,76.7414634146342,74.0,7.89903259794904
India,855036.3,397,2021-01-01,IN,356,2238.12714218765,46.31,76.0489255871721,99.5725250244141,1407563842.0,950245567.0,67.24,40.0,8.18436771657305
Bulgaria,781688.12,93,2021-01-01,BG,100,12219.3418706779,75.27144583,50.5763535940136,99.8,6877743.0,4373155.0,71.5146341463415,42.0,8.54260999187817
Slovenia,669759.28,26,2021-01-01,SI,705,29331.0647010043,89.00399524,45.2416752121158,100.0,2108079.0,1355719.0,80.8756097560976,57.0,7.9379162267506
Pakistan,635320.25,96,2021-01-01,PK,586,1506.10829305917,21.0372074,79.0798316631062,94.9228591918945,231402117.0,136153500.0,66.098,28.0,4.57816043050141
Mongolia,632934.0,98,2021-01-01,MN,496,4566.14013029182,81.60682285,27.2044256440015,100.0,3347782.0,2114128.0,70.975,35.0,0.0141488620388373
Belarus,610092.64,79,2021-01-01,BY,112,7489.71894713888,86.88841196,52.5732454842443,100.0,9302585.0,6170451.0,72.3706829268293,41.0,3.29082150587152
Chile,605316.19,203,2021-01-01,CL,152,16240.6077759729,90.19336882,36.4562166362917,100.0,19493184.0,13423378.0,78.944,67.0,10.6318812190913
Portugal,562918.16,207,2021-01-01,PT,620,24661.1664874576,82.30902804,40.080898957156,100.0,10361831.0,6641522.0,81.0731707317073,62.0,5.07669501382099
Israel,509514.99,47,2021-01-01,IL,376,52129.5159612108,90.29689758,82.4614287302737,100.0,9371400.0,5613470.0,82.5,59.0,6.80051563909181
Belgium,503230.41,180,2021-01-01,BE,056,51850.3971840229,92.78867618,64.2868097009754,100.0,11586195.0,7402978.0,81.890243902439,73.0,6.41209866546886
Switzerland,483479.04,156,2021-01-01,CH,756,93446.4344518943,95.56937168,56.4226017184239,100.0,8704546.0,5742300.0,83.8512195121951,84.0,4.5881921178937
Austria,437862.11,107,2021-01-01,AT,040,53517.8904509612,92.52915104,52.692943137361,100.0,8955797.0,5926351.0,81.2390243902439,74.0,3.78471969654039
"Moldova, Republic of",429854.54,16,2021-01-01,MD,0,5274.74484719747,61.28776161,54.0738747224652,100.0,2595809.0,1728494.0,68.846,36.0,15.6557976122015
Croatia,403828.01,58,2021-01-01,HR,191,17809.0323901126,81.25396608,27.4261975358611,100.0,3879000.0,2478353.0,76.4243902439025,47.0,18.7329344735928
Hong Kong,372674.91,191,2021-01-01,HK,0,49764.793115622,93.08715788,24.3208900281423,100.0,7413100.0,5057443.0,85.4926829268293,76.0,7.41667263929604
Egypt,363977.73,55,2021-01-01,EG,0,3886.7224983901,72.06,17.5559954414044,100.0,109262178.0,67933197.0,70.221,33.0,1.59181628823583
North Macedonia,357512.59,29,2021-01-01,MK,0,6778.56287821774,83.01821027,56.68389278907,100.0,2065092.0,1428341.0,74.5368292682927,39.0,5.88607665049111
Romania,329353.64,138,2021-01-01,RO,642,14946.624968678,83.5904265,61.3397223973699,100.0,19122059.0,12438819.0,72.9609756097561,45.0,6.50047052344212
Bosnia and Herzegovina,322900.92,21,2021-01-01,BA,070,7230.19883771887,75.67620138,37.6019177378479,100.0,3270943.0,2189487.0,75.3,35.0,8.94999142884024
Iraq,292451.84,37,2021-01-01,IQ,368,4770.83534274738,48.91718718,53.3022968300269,100.0,43533592.0,25453771.0,70.378,23.0,-0.695471073998888
Slovakia,289526.42,105,2021-01-01,SK,0,21768.1486708026,88.92560523,52.5214442979532,100.0,5447247.0,3643690.0,74.7146341463415,52.0,5.01191188863453
Latvia,270955.1,97,2021-01-01,LV,428,20930.3982374189,91.17964988,54.575367263219,100.0,1884490.0,1182681.0,73.2829268292683,59.0,7.63560410392657
Colombia,267671.79,82,2021-01-01,CO,170,6182.70709867964,73.02837449,46.5757804264527,99.9991073608398,51516562.0,35898966.0,72.83,39.0,9.75360148852955
South Africa,256388.4,195,2021-01-01,ZA,710,7073.61275411821,72.310492,48.7928617389512,89.3,59392255.0,38815753.0,62.341,44.0,3.66236830303251
Hungary,250970.53,164,2021-01-01,HU,348,18753.0469453539,88.64083466,57.9611670673393,100.0,9709891.0,6314017.0,74.4658536585366,43.0,7.52970697818883
Uruguay,250764.54,46,2021-01-01,UY,858,17923.9953327961,90.07384089,62.6939926547916,100.0,3426260.0,2230659.0,75.436,73.0,5.36339161084788
Lebanon,228470.11,35,2021-01-01,LB,422,4136.14657516013,86.58903046,35.933594742899,100.0,5592631.0,3509908.0,75.047,24.0,-5.83236677671033
Azerbaijan,227770.32,16,2021-01-01,AZ,031,5408.04535175023,86.0,27.9601933164741,100.0,10137750.0,7031387.0,69.366,30.0,5.15150006870661
New Zealand,222436.84,80,2021-01-01,NZ,554,49996.4206725811,95.91020269,48.1519970076982,100.0,5111400.0,3331666.0,82.2073170731707,88.0,4.73165407278768
Morocco,213521.01,51,2021-01-01,MA,504,3767.52490234375,88.13031937,54.9160889844486,100.0,37076584.0,24367675.0,74.042,39.0,6.88073133381511
Bolivia,208571.0,20,2021-01-01,BO,068,3345.02300226194,65.9773785,19.1959707910569,98.5562286376953,12079472.0,7726980.0,63.63,30.0,4.85247491637355
Kuwait,193478.98,25,2021-01-01,KW,414,32324.8409043988,99.7,59.5312349659852,100.0,4250114.0,3163029.0,78.673,43.0,3.77267730996793
Lithuania,186474.14,87,2021-01-01,LT,440,23849.6156993566,86.93054425,36.2746602171046,100.0,2800839.0,1798905.0,74.3390243902439,61.0,6.05877089552746
Uzbekistan,179835.93,8,2021-01-01,UZ,860,1993.42447787206,76.59043014,16.2115211305527,99.9,34915100.0,22676383.0,70.862,28.0,5.30221790037371
Ireland,172695.07,55,2021-01-01,IE,372,102001.798249145,95.16956667,86.0859138322919,100.0,5033164.0,3284530.0,82.1024390243903,74.0,14.0322863534396
Greece,166273.28,96,2021-01-01,GR,300,20310.6824798873,78.49426371,13.4113780633118,100.0,10569207.0,6704221.0,80.1829268292683,49.0,9.70676969266229
Armenia,164782.23,10,2021-01-01,AM,051,4972.78320361917,78.61225758,34.4471445013313,100.0,2790974.0,1865265.0,72.043,49.0,6.35474440105854
Syrian Arab Republic,134139.04,21,2021-01-01,SY,760,420.622705161108,,,88.8245315551758,21324367.0,13296464.0,72.063,13.0,-1.3214116536431
Cambodia,108008.04,83,2021-01-01,KH,116,1625.23502147979,60.1524023,36.9982741911052,82.5017166137695,16589023.0,10810814.0,69.584,23.0,1.8329580171935
Bangladesh,106636.47,46,2021-01-01,BD,050,2457.92403936141,38.91744466,76.6917679655211,98.9910278320313,169356251.0,114687891.0,72.381,26.0,5.71664908722495
Algeria,99320.94,30,2021-01-01,DZ,012,3700.31469728198,70.77,70.1670917648451,99.7878265380859,44177969.0,27878915.0,76.377,33.0,1.70006376681854
"Iran, Islamic Republic of",97312.64,40,2021-01-01,IR,0,4084.20030479458,78.5957366,,100.0,87923432.0,60503472.0,73.875,25.0,3.96556869056239
Ecuador,84283.55,24,2021-01-01,EC,218,5965.13287054416,76.20289766,15.8019161924895,100.0,17797737.0,11792831.0,73.67,36.0,3.01037816290692
Georgia,78585.9,26,2021-01-01,GE,268,5023.27438368985,76.44271451,17.4406473788205,100.0,3708610.0,2386451.0,71.694,55.0,10.8857018598595
Cuba,78231.58,10,2021-01-01,CU,192,,71.11907507,,100.0,11256372.0,7714020.0,73.683,46.0,1.65241614088968
Dominican Republic,76790.41,23,2021-01-01,DO,214,8476.74963892506,85.24298638,18.8629949595159,98.1,11117873.0,7279123.0,72.615,30.0,11.0782763208364
Venezuela,70242.11,30,2021-01-01,VE,862,,,,99.9877166748047,28199867.0,17904416.0,70.554,14.0,
Bahrain,67831.46,12,2021-01-01,BH,048,26850.0033915702,100.0,26.9731309814599,100.0,1463265.0,1114044.0,78.76,42.0,3.66632965640363
United Arab Emirates,58954.47,34,2021-01-01,AE,784,44332.3400513163,100.0,,100.0,9365145.0,7782300.0,78.71,69.0,3.48721466545079
Kyrgyzstan,58225.77,10,2021-01-01,KG,0,1365.50830399287,77.92035931,18.4913256421142,99.6737289428711,6773400.0,4141945.0,71.9,27.0,2.49292223906814
Tunisia,38940.43,17,2021-01-01,TN,788,3807.18410896841,78.98965145,68.5371761837903,99.9,12262946.0,8128325.0,73.772,44.0,3.54367305653356
Albania,33311.06,26,2021-01-01,AL,008,6377.20309553753,79.32371752,34.7679108938145,100.0,2811666.0,1897426.0,76.463,35.0,9.92271370805365
Nicaragua,31743.74,5,2021-01-01,NI,558,2064.92924633583,57.14684935,75.4987715614617,86.2914733886719,6850540.0,4436665.0,73.837,20.0,8.82237807568428
Lao People's Democratic Republic,30849.87,15,2021-01-01,LA,0,2535.62343413571,62.0,41.0486620127326,100.0,7425057.0,4798524.0,68.061,30.0,1.06938031810783
Guatemala,28912.05,10,2021-01-01,GT,320,5029.47755484093,50.84164945,62.3184776015665,97.8656539916992,17109746.0,10637104.0,69.237,25.0,6.41540555186262
Macao,26576.44,7,2021-01-01,MO,446,45104.8921800265,88.46810492,2.40718832549258,100.0,686607.0,501669.0,85.399,,21.6780542811206
Costa Rica,23027.83,17,2021-01-01,CR,188,12604.0488374731,82.74901607,75.1698841333892,100.0,5153957.0,3552172.0,77.023,58.0,7.28965011671905
Luxembourg,18462.07,11,2021-01-01,LU,442,133711.794435985,98.66086333,28.7227296716999,100.0,640064.0,443828.0,82.7487804878049,81.0,5.55350216888992
Iceland,17754.16,19,2021-01-01,IS,352,68710.2442005473,99.68701957,31.7612501011023,100.0,372520.0,247524.0,83.1170731707317,74.0,2.80848839905698
Paraguay,12918.67,11,2021-01-01,PY,600,5959.44179393627,77.01838621,66.8687125593029,100.0,6703799.0,4340753.0,70.262,30.0,2.69625613799829
Malta,10863.92,47,2021-01-01,MT,470,34881.2912726609,87.46977522,75.2524288856961,100.0,518536.0,352598.0,82.8609756097561,54.0,11.6040849932786
Sri Lanka,10059.07,9,2021-01-01,LK,144,3996.57199501251,44.45308724,50.2898126223267,100.0,22156000.0,14540694.0,76.399,37.0,2.40496705325673
Panama,4740.0,4,2021-01-01,PA,591,15491.2898013383,67.509728,7.85972313245763,95.251082548876,4351267.0,2829475.0,76.223,36.0,14.3217931852755
Trinidad and Tobago,1712.05,3,2021-01-01,TT,780,16056.3020409273,79.0,25.8177865817643,100.0,1525663.0,1061862.0,72.971,41.0,-1.52497422917838
China,47339699.32,2115,2022-01-01,CN,156,12720.2163182363,75.61131603,55.1163991262502,,1412175000.0,974838887.0,,45.0,3.00257602616854
United States,33823515.43,4728,2022-01-01,US,840,76329.5822652029,,54.9589513781416,,333287557.0,216345090.0,,69.0,1.55148744876492
"Korea, Republic of",12352809.2,1221,2022-01-01,KR,0,32422.5744864287,97.16855413,50.7375884345642,,51628117.0,36623552.0,,63.0,2.84473475174541
Brazil,11256786.56,1572,2022-01-01,BR,076,8917.67491057495,80.52775094,65.9050078636405,,215313498.0,150400744.0,,38.0,2.42870175959639
Russian Federation,9867809.91,888,2022-01-01,RU,643,15270.7060546875,90.41799163,54.3822557717114,,144236933.0,95914417.0,,28.0,-2.16195976906333
Germany,7188213.65,1216,2022-01-01,DE,276,48717.9911402128,91.62984383,55.3177972150292,,83797985.0,53319483.0,,79.0,1.07495188724516
Japan,6969261.68,1009,2022-01-01,JP,392,34017.2718075024,,69.1783656375092,,125124989.0,73138948.0,,73.0,1.40382237505176
Thailand,6238809.4,716,2022-01-01,TH,764,6909.9562847948,87.97728101,42.3612248110678,,71697030.0,49663033.0,,36.0,2.46037366699237
Denmark,6227174.91,349,2022-01-01,DK,208,67790.0539923276,97.86011812,24.1050037692409,,5903037.0,3745673.0,,90.0,1.92534106676851
United Kingdom,5835499.31,1024,2022-01-01,GB,826,46125.2557513568,,56.6579249417198,,66971395.0,42435350.0,,73.0,4.43209513034756
France,5392442.03,1181,2022-01-01,FR,250,40886.2532680273,85.33331549,48.8627432170336,,67971311.0,41559412.0,,72.0,2.14273164932905
Canada,5067358.89,731,2022-01-01,CA,124,55522.445687688,,53.708936026325,,38929902.0,25455715.0,,74.0,1.94399957578038
Viet Nam,4462705.11,745,2022-01-01,VN,0,4163.51429874522,78.58999918,,,98186856.0,67251030.0,,42.0,7.22897834435969
Sweden,3886010.75,412,2022-01-01,SE,752,56424.2846986686,95.00970335,71.6207463593873,,10486941.0,6517761.0,,83.0,2.21375014156506
Indonesia,3443509.97,746,2022-01-01,ID,360,4787.99930771921,66.48461277,45.9604074748713,,275501339.0,187165550.0,,34.0,4.64037680217875
Poland,3347064.94,611,2022-01-01,PL,616,18688.0044867103,86.94113568,53.2769866403809,,36821749.0,24410950.0,,55.0,7.90568444319806
Australia,3268966.23,832,2022-01-01,AU,036,65099.8459118981,,39.4742695644992,,26005540.0,16882242.0,,75.0,2.985396454868
Philippines,3030893.68,575,2022-01-01,PH,608,3498.5098055874,,82.4698437666413,,115559009.0,74220181.0,,33.0,6.00769989985663
Ukraine,2962440.75,273,2022-01-01,UA,804,4533.9755859375,,71.06149957877,,38000000.0,24990962.0,,33.0,-17.1274241650301
Saudi Arabia,2890902.19,250,2022-01-01,SA,682,30447.8837074473,100.0,9.95746714825966,,36408820.0,25938738.0,,51.0,7.31233531949754
Peru,2414445.13,224,2022-01-01,PE,604,7125.82993135746,74.67495125,20.032360926974,,34049588.0,22330236.0,,36.0,1.67626960792973
Malaysia,2358207.96,565,2022-01-01,MY,458,11993.1876132994,97.3986404,58.0814982303245,,33938221.0,23697233.0,,47.0,7.48391811768509
Israel,2169720.49,43,2022-01-01,IL,376,54930.9388075096,,78.5933299123003,,9557500.0,5723598.0,,63.0,4.75267735474706
Slovakia,2031889.92,106,2022-01-01,SK,0,21256.8084273666,,46.9814006263426,,5431752.0,3654639.0,,53.0,2.04070866598212
Netherlands,2003883.98,377,2022-01-01,NL,528,57025.01245598,92.51968504,67.0874036961273,,17700982.0,11374713.0,,80.0,3.33909809860577
Turkey,1976960.8,486,2022-01-01,TR,792,10674.5041731531,83.43716576,10.9575233981281,,84979913.0,57898247.0,,36.0,4.49949975785783
North Macedonia,1925399.31,40,2022-01-01,MK,0,6591.47131411961,,55.4695298402365,,2057679.0,1421475.0,,40.0,2.51465029069358
Spain,1874819.64,455,2022-01-01,ES,724,29674.5442864413,94.4855432,33.8252767905713,,47778340.0,31503646.0,,60.0,4.96805124372999
Mexico,1862189.37,471,2022-01-01,MX,484,11496.5228716049,,19.4787044677842,,127504125.0,85644224.0,,31.0,3.24716753481546
India,1831809.44,472,2022-01-01,IN,356,2410.88802070689,,74.4534445174777,,1417173173.0,960804385.0,,40.0,6.51254029153488
Argentina,1783185.25,391,2022-01-01,AR,032,13650.6046294524,88.37535691,59.000016081005,,46234830.0,30065743.0,,38.0,3.98913108450517
Finland,1592045.6,302,2022-01-01,FI,246,50871.9304508821,92.98879471,77.8946727068325,,5556106.0,3419917.0,,87.0,1.35829663102483
Norway,1449602.58,226,2022-01-01,NO,578,108729.18690323,98.99997764,37.1242055402801,,5457127.0,3539342.0,,84.0,2.09454450860767
Estonia,1113899.71,60,2022-01-01,EE,233,28247.095992497,91.02128973,61.7846282726093,,1348840.0,849966.0,,74.0,-2.59797822591268
Italy,1064667.17,291,2022-01-01,IT,380,34776.423234274,85.06074504,43.9489267790678,,58940425.0,37436702.0,,56.0,4.06375128395906
Czech Republic,998304.46,343,2022-01-01,CZ,203,27226.6156386023,84.54009378,57.4152969492274,,10672118.0,6766557.0,,56.0,0.75566135591751
Portugal,894743.83,239,2022-01-01,PT,620,24515.2658507319,84.49690644,30.7890407153218,,10409704.0,6653926.0,,62.0,6.33622376266987
Mongolia,811788.84,136,2022-01-01,MN,496,5045.50470031666,,23.8821337744753,,3398366.0,2138395.0,,33.0,3.46931870575813
Bulgaria,805926.95,84,2022-01-01,BG,100,13974.4492487792,79.12686326,47.3506923034253,,6465097.0,4113496.0,,43.0,10.5597165401613
Egypt,796879.02,129,2022-01-01,EG,0,4295.40749561014,72.19806524,21.7105161682504,,110990103.0,69152645.0,,30.0,4.92845618453779
Latvia,796136.86,83,2022-01-01,LV,428,21779.5042572825,91.03009059,50.4185620067141,,1879383.0,1176188.0,,59.0,3.63933832666383
Iraq,749680.42,57,2022-01-01,IQ,368,5937.19546600271,78.71561135,41.5950852335621,,44496122.0,26190212.0,,23.0,4.69395636247876
Singapore,720769.0,289,2022-01-01,SG,702,82807.6290622897,95.95386476,44.8788228649185,,5637022.0,4117459.0,,83.0,0.273797563646383
Chile,697942.15,183,2022-01-01,CL,152,15355.4797401048,,32.6510643326668,,19603733.0,13458005.0,,67.0,1.86272341687035
Kyrgyzstan,672234.05,24,2022-01-01,KG,0,1655.07269765044,,16.827119635834,,6974900.0,4255513.0,,27.0,3.2599026837199
Kazakhstan,632189.84,74,2022-01-01,KZ,398,11492.031938762,92.29685266,17.8997876910007,,19621972.0,12222736.0,,36.0,-0.066009593735032
Romania,613598.1,167,2022-01-01,RO,642,15786.8017421977,85.50309124,59.1263470400739,,19047009.0,12464175.0,,46.0,5.00749294202801
Jordan,587150.12,47,2022-01-01,JO,400,4311.00004622061,,6.36862606232295,,11285869.0,7230556.0,,47.0,1.17932758661574
Austria,585508.43,90,2022-01-01,AT,040,52084.6811953372,93.61409139,45.0632982342668,,9041851.0,5950883.0,,71.0,3.80895606240934
Belgium,515120.39,151,2022-01-01,BE,056,49926.8254295305,94.00783071,62.8212379368403,,11685814.0,7448221.0,,73.0,2.13176574458433
Bosnia and Herzegovina,465219.24,25,2022-01-01,BA,070,7568.79847995923,78.8455371,30.2120152046945,,3233526.0,2157762.0,,34.0,5.31090031916564
Belarus,411398.67,78,2022-01-01,BY,112,7888.26371063212,89.50733148,,,9228071.0,6094192.0,,39.0,-3.92790922199924
Pakistan,394653.42,101,2022-01-01,PK,586,1588.8798287911,,74.4856692481338,,235824862.0,139515778.0,,27.0,2.74211234468183
Greece,375691.4,109,2022-01-01,GR,300,20867.2690861087,83.17066333,11.3396367489,,10426919.0,6601149.0,,52.0,6.99774473198337
Switzerland,341348.3,158,2022-01-01,CH,756,93259.9057183024,,52.3105941910661,,8775760.0,5760782.0,,82.0,1.73600130033897
Slovenia,320971.49,32,2022-01-01,SI,705,28439.3340989687,88.91242151,39.4928021257876,,2111986.0,1350072.0,,56.0,2.27123931080948
Morocco,315685.19,72,2022-01-01,MA,504,3441.99145507813,,41.9053632898756,,37457971.0,24608096.0,,38.0,0.215470437836871
Georgia,313983.39,22,2022-01-01,GE,268,6674.95695994589,78.71127536,15.4643547909978,,3712502.0,2380726.0,,56.0,10.2777621889935
South Africa,290072.55,196,2022-01-01,ZA,710,6766.48125429478,,39.9202148421064,,59893885.0,39264163.0,,43.0,1.05687467702997
Lebanon,276928.15,37,2022-01-01,LB,422,,,23.7512291175232,,5489739.0,3440173.0,,24.0,
Colombia,273788.55,104,2022-01-01,CO,170,6624.16539269075,72.79637704,34.6103427691126,,51874024.0,36134433.0,,39.0,6.51746182640514
Hungary,269599.09,161,2022-01-01,HU,348,18390.1849993244,90.46084106,51.4901206656879,,9643048.0,6320807.0,,42.0,5.27930054309429
New Zealand,256516.51,91,2022-01-01,NZ,554,48418.5916631992,,35.6514819143887,,5124100.0,3330016.0,,87.0,2.5961860244533
Algeria,241218.76,35,2022-01-01,DZ,012,4342.63796796522,,63.9368744460667,,44903225.0,28275097.0,,33.0,1.53316323155349
Hong Kong,239984.33,131,2022-01-01,HK,0,48983.6217162934,95.61357052,,,7346100.0,4957645.0,,76.0,-2.59598711178623
Uruguay,239155.82,43,2022-01-01,UY,858,20795.0423535553,89.87304314,51.7620835234861,,3422794.0,2235847.0,,74.0,5.02812076874068
Syrian Arab Republic,235399.6,34,2022-01-01,SY,760,,,,,22125249.0,14139080.0,,13.0,
Bolivia,223929.65,28,2022-01-01,BO,068,3600.12163486427,,9.22718175265135,,12224110.0,7862863.0,,31.0,2.37979822047724
"Iran, Islamic Republic of",203497.23,42,2022-01-01,IR,0,4669.57137993878,,,,88550570.0,60933022.0,,25.0,3.04165850339986
Croatia,199270.29,73,2022-01-01,HR,191,18570.4039968345,82.07154778,25.8255562412333,,3855600.0,2450642.0,,50.0,6.99254520872388
Lao People's Democratic Republic,188503.53,37,2022-01-01,LA,0,2054.43078086496,,7.47757750800032,,7529475.0,4886857.0,,31.0,1.28309029275829
Lithuania,187174.69,77,2022-01-01,LT,440,25064.808914729,87.72420219,34.2539203453756,,2831639.0,1808854.0,,62.0,1.32592417648803
Azerbaijan,177449.81,17,2022-01-01,AZ,031,7762.0738285884,,22.4948384241367,,10141756.0,7039605.0,,23.0,4.5751993710583
Kuwait,164071.35,43,2022-01-01,KW,414,41079.5226998138,,55.7666363079264,,4268873.0,3174078.0,,42.0,8.38238522783028
Cambodia,150531.53,86,2022-01-01,KH,116,1759.60802346044,,21.3768810209837,,16767842.0,10940260.0,,24.0,4.11749069468274
Ecuador,139256.11,23,2022-01-01,EC,218,6391.28248430643,69.71811352,14.2331977796983,,18001000.0,11966791.0,,36.0,1.78520810472045
Armenia,131610.4,16,2022-01-01,AM,051,7018.05150434798,,23.9950531205254,,2780469.0,1845507.0,,46.0,13.0254185175235
United Arab Emirates,131142.05,53,2022-01-01,AE,784,53707.9800809111,100.0,,,9441129.0,7830368.0,,67.0,6.98241746835518
Dominican Republic,116523.87,44,2022-01-01,DO,214,10111.2457110261,,14.3210312555183,,11228821.0,7353464.0,,32.0,3.82225610535107
Venezuela,102262.41,34,2022-01-01,VE,862,,,,,28301696.0,18061363.0,,14.0,
Ireland,95441.59,67,2022-01-01,IE,372,103983.29133582,,84.1952771172502,,5127170.0,3346995.0,,77.0,7.42658177833613
Guatemala,89857.26,14,2022-01-01,GT,320,5473.20856444589,,54.503098978853,,17357886.0,10882128.0,,24.0,2.62958319708591
Cuba,83047.99,10,2022-01-01,CU,192,,,,,11212191.0,7677039.0,,45.0,2.17589201000369
Bahrain,77544.29,13,2022-01-01,BH,048,30146.925026365,,24.4352005916067,,1472233.0,1119746.0,,44.0,4.22210599747656
Uzbekistan,65986.12,20,2022-01-01,UZ,860,2255.15115496772,,36.5707763956529,,35648100.0,23047260.0,,31.0,3.49604366831846
Tunisia,55843.93,29,2022-01-01,TN,788,3747.41939149283,,56.8890578753923,,12356117.0,8172214.0,,40.0,1.66543582480212
Costa Rica,41195.09,27,2022-01-01,CR,188,13365.3563992692,82.59801121,68.6802502260503,,5180829.0,3573975.0,,54.0,4.00920256546485
"Moldova, Republic of",34445.41,18,2022-01-01,MD,0,5714.43048840294,,44.9531221894153,,2538894.0,1718953.0,,39.0,-2.88619143534518
Paraguay,25775.97,13,2022-01-01,PY,600,6153.05565720044,76.25916611,58.0161654483048,,6780744.0,4398958.0,,28.0,-1.06017407347758
Nicaragua,25765.11,8,2022-01-01,NI,558,2255.42599496242,,56.5264777535581,,6948392.0,4515199.0,,19.0,2.28948796897323
Panama,24409.33,17,2022-01-01,PA,591,17357.628633794,,6.13185376157396,,4408581.0,2869851.0,,36.0,9.36878285347336
Bangladesh,22899.08,25,2022-01-01,BD,050,2688.30550090738,,75.0387897379198,,171186372.0,116383491.0,,25.0,5.95484484128914
Luxembourg,19738.16,12,2022-01-01,LU,442,125006.021815486,98.24203749,28.5752025971772,,653103.0,451762.0,,77.0,-0.643838258238688
Iceland,18421.43,54,2022-01-01,IS,352,73466.7786674708,,23.5334087401613,,382003.0,252843.0,,74.0,4.57596678782349
Malta,14817.91,12,2022-01-01,MT,470,34127.5105566356,91.54075982,72.34246703613,,531113.0,359684.0,,51.0,4.38397705600271
Macao,14797.38,2,2022-01-01,MO,446,34584.8590938779,,2.7645753433317,,695168.0,501815.0,,,-22.41928523762
Albania,14689.44,21,2022-01-01,AL,008,6810.11404104233,82.61368583,29.7572722761034,,2777689.0,1866557.0,,36.0,6.13901678987099
Trinidad and Tobago,6783.69,7,2022-01-01,TT,780,19629.4653400829,,14.9489918951764,,1531044.0,1063135.0,,42.0,1.1255749034877
Sri Lanka,1312.05,2,2022-01-01,LK,144,3354.38340757565,,37.2168223571277,,22181000.0,14560801.0,,36.0,-7.92786806930475
